Id,Label
1.49495747391195E+018,negative
1.37337934999553E+018,neutral
1.40526728105201E+018,positive
1.3732142140143E+018,neutral
1.3732042638166E+018,negative
1.37484293039393E+018,neutral
1.37319371453806E+018,positive
1.37772551849837E+018,positive
1.3732228405526E+018,positive
1.37318975436431E+018,positive
1.392083664541E+018,positive
1.37334750438585E+018,negative
1.37319664663754E+018,positive
1.37313555927155E+018,neutral
1.37317321839627E+018,positive
1.37607612469073E+018,positive
1.37321895809929E+018,positive
1.37316284940985E+018,positive
1.37317296027037E+018,positive
1.37769200868963E+018,positive
1.37329105929235E+018,positive
1.37317694050549E+018,neutral
1.37316302540284E+018,positive
1.37330247383897E+018,positive
1.37365541398034E+018,positive
1.37318874131401E+018,neutral
1.37323670572624E+018,positive
1.37584971776303E+018,neutral
1.41066956974052E+018,neutral
1.37324411648254E+018,positive
1.410719046644E+018,positive
1.37393655555595E+018,neutral
1.38225780506377E+018,positive
1.39034931327715E+018,positive
1.37308563006286E+018,positive
1.37332608052279E+018,positive
1.37332321423183E+018,positive
1.37313338477236E+018,negative
1.37620647689775E+018,positive
1.37316191318671E+018,positive
1.37329219657783E+018,neutral
1.37324593157604E+018,positive
1.48962124615331E+018,positive
1.3731920115961E+018,positive
1.3732783393734E+018,neutral
1.37319124682349E+018,neutral
1.37322908267096E+018,negative
1.38677531525144E+018,positive
1.37322100750753E+018,positive
1.37483299806819E+018,neutral
1.37314243641595E+018,positive
1.37321212941163E+018,positive
1.37327822077527E+018,positive
1.37317041372386E+018,positive
1.37357164331081E+018,negative
1.37320747034524E+018,negative
1.37319174037564E+018,neutral
1.37306450660839E+018,positive
1.45889811374219E+018,positive
1.37314116566353E+018,negative
1.40869176450498E+018,neutral
1.37319915102713E+018,neutral
1.4618214543334E+018,positive
1.37336700024903E+018,neutral
1.37945742850538E+018,negative
1.37322857031998E+018,neutral
1.3732108495617E+018,neutral
1.37320510313038E+018,positive
1.37403792633459E+018,neutral
1.37324762461104E+018,positive
1.37320153969164E+018,positive
1.37321146681649E+018,positive
1.3731984435906E+018,positive
1.44238553208916E+018,negative
1.37320918149539E+018,negative
1.37340261626954E+018,positive
1.37328027077903E+018,positive
1.37355403210779E+018,neutral
1.37468682364618E+018,neutral
1.37431828086174E+018,positive
1.37321374152178E+018,positive
1.37309395887266E+018,negative
1.41026689595415E+018,positive
1.37324732585915E+018,positive
1.40085297165993E+018,negative
1.37324449859628E+018,positive
1.37323302286723E+018,neutral
1.37321532243884E+018,positive
1.37316953281523E+018,neutral
1.37321941112186E+018,positive
1.37320034945723E+018,positive
1.37313400954751E+018,neutral
1.43601969506957E+018,neutral
1.37407406866054E+018,positive
1.3732923151844E+018,positive
1.41047716126224E+018,positive
1.37320672940045E+018,positive
1.37320999248507E+018,neutral
1.37412570025341E+018,positive
1.39671865981764E+018,positive
1.37466091052718E+018,positive
1.3732027919556E+018,positive
1.45338719787747E+018,positive
1.37326487681099E+018,positive
1.37313273229804E+018,negative
1.37322561841077E+018,negative
1.3736538815284E+018,neutral
1.37358892904003E+018,positive
1.3732119361717E+018,neutral
1.37358866148113E+018,neutral
1.37770371722767E+018,positive
1.46608585660378E+018,positive
1.37313158128877E+018,positive
1.37319826466583E+018,neutral
1.37335496074691E+018,neutral
1.37329159691397E+018,positive
1.37320643395788E+018,positive
1.3732250325797E+018,positive
1.37318697749175E+018,negative
1.44803604077056E+018,neutral
1.37411786015548E+018,positive
1.37322380163116E+018,neutral
1.40888296824083E+018,positive
1.37321880834166E+018,neutral
1.37340233984393E+018,positive
1.37318989410587E+018,positive
1.3734041151796E+018,positive
1.47009594714955E+018,negative
1.37318089347349E+018,positive
1.44764726065805E+018,positive
1.37312093560834E+018,positive
1.37330265598501E+018,neutral
1.41121290409186E+018,positive
1.37316794629876E+018,positive
1.40249185118625E+018,positive
1.37324857918849E+018,positive
1.37321209038361E+018,positive
1.37325770697962E+018,positive
1.37328545998459E+018,negative
1.37319235467339E+018,neutral
1.39251411411994E+018,positive
1.37314045800893E+018,neutral
1.3730798175796E+018,neutral
1.37327191358638E+018,positive
1.37355190618282E+018,neutral
1.3733318323228E+018,neutral
1.38755826769879E+018,negative
1.37320548399416E+018,positive
1.37323707913674E+018,positive
1.37322760416626E+018,neutral
1.37320855375908E+018,negative
1.37319424366623E+018,positive
1.37327503695459E+018,neutral
1.3732661946403E+018,negative
1.37319904113632E+018,neutral
1.37323513979118E+018,positive
1.37326987764192E+018,positive
1.37318695402045E+018,positive
1.37319312765423E+018,negative
1.37352101083474E+018,negative
1.37323112614005E+018,neutral
1.37326746408415E+018,positive
1.3731698142614E+018,positive
1.37324464102224E+018,positive
1.41068645803426E+018,positive
1.37387729208732E+018,neutral
1.37316752546746E+018,neutral
1.37319436599731E+018,positive
1.3746941404249E+018,positive
1.3733442581833E+018,positive
1.46204626529916E+018,negative
1.44724604395606E+018,negative
1.44802712819329E+018,negative
1.45883516114819E+018,positive
1.37358802585951E+018,neutral
1.37332988051187E+018,positive
1.37316353527927E+018,neutral
1.37448075630356E+018,neutral
1.40442824977467E+018,negative
1.38199722774536E+018,negative
1.41636878674006E+018,neutral
1.37570233481103E+018,positive
1.37511775716398E+018,neutral
1.37317622781354E+018,neutral
1.37323489554014E+018,positive
1.37322462800554E+018,neutral
1.37656790845379E+018,positive
1.37680509978426E+018,positive
1.3731965295326E+018,positive
1.39318506067375E+018,positive
1.37362686092451E+018,neutral
1.37307734853958E+018,positive
1.37319493006414E+018,positive
1.37306824830923E+018,neutral
1.37311844468669E+018,positive
1.39221554577748E+018,positive
1.3732020125407E+018,positive
1.37333227428501E+018,negative
1.3732508255235E+018,positive
1.37330086954711E+018,positive
1.46708161807041E+018,positive
1.37436531572808E+018,neutral
1.3732849439677E+018,negative
1.37322044866686E+018,negative
1.37311317591945E+018,positive
1.47877335037787E+018,neutral
1.37319641071631E+018,negative
1.37318598506909E+018,positive
1.37332611078884E+018,positive
1.37322467344663E+018,neutral
1.37331670396745E+018,positive
1.37321469384264E+018,positive
1.37331009968349E+018,negative
1.37349035272065E+018,positive
1.46435540759866E+018,positive
1.37318557089833E+018,negative
1.37323977053348E+018,negative
1.42072592393505E+018,positive
1.37326502958432E+018,neutral
1.37637112619298E+018,negative
1.37315674936934E+018,positive
1.37369632707543E+018,positive
1.37321585935159E+018,negative
1.37315448252416E+018,positive
1.37466609177612E+018,positive
1.37311756013734E+018,positive
1.3733102915309E+018,positive
1.38086724038446E+018,neutral
1.37315195376573E+018,positive
1.45230931318847E+018,neutral
1.3732043965453E+018,neutral
1.373287115015E+018,positive
1.37316124140178E+018,positive
1.46217598198102E+018,neutral
1.49625410115546E+018,negative
1.37319260044279E+018,positive
1.37307143461709E+018,positive
1.37316821034693E+018,positive
1.37306803052836E+018,negative
1.40258537664507E+018,negative
1.38534096668982E+018,positive
1.41340773647854E+018,positive
1.37318182492774E+018,neutral
1.39172399373718E+018,positive
1.37306450721238E+018,negative
1.37307377912397E+018,positive
1.37583423807176E+018,positive
1.37328505545218E+018,neutral
1.39212682267086E+018,negative
1.38347643037427E+018,neutral
1.45916754513562E+018,neutral
1.37330231905657E+018,positive
1.37313120358335E+018,negative
1.48299671010846E+018,negative
1.37320282474245E+018,positive
1.37318633623722E+018,negative
1.37317204469156E+018,neutral
1.37773438230005E+018,positive
1.37322497795309E+018,positive
1.4590551382792E+018,positive
1.41973456269595E+018,positive
1.37318854438728E+018,positive
1.3732373134389E+018,positive
1.37319362242275E+018,neutral
1.37394422305412E+018,negative
1.41088280381068E+018,neutral
1.44185778641824E+018,positive
1.37307111088812E+018,positive
1.37306792626219E+018,positive
1.40186240704409E+018,positive
1.41011411677005E+018,negative
1.37337729542403E+018,neutral
1.3730628159851E+018,positive
1.37320194205122E+018,negative
1.37317484030846E+018,neutral
1.37320813370797E+018,positive
1.37722690552771E+018,negative
1.37317564093818E+018,positive
1.47049198726666E+018,positive
1.46360530918068E+018,positive
1.37317557735674E+018,positive
1.37324447216372E+018,positive
1.37328913846045E+018,positive
1.37329356778389E+018,negative
1.37308498006317E+018,neutral
1.37377821420467E+018,neutral
1.37314991697811E+018,positive
1.37693300652763E+018,neutral
1.37324515590661E+018,positive
1.46380027305959E+018,positive
1.37318011631508E+018,positive
1.37318779665613E+018,positive
1.3804739060631E+018,positive
1.46357814754327E+018,positive
1.37323228418744E+018,positive
1.41557777400641E+018,positive
1.37484776647256E+018,negative
1.37312657149049E+018,positive
1.37316777174018E+018,neutral
1.37617077258724E+018,positive
1.37326468658674E+018,positive
1.37321119623355E+018,positive
1.44767036342969E+018,neutral
1.37322955005488E+018,positive
1.37307963361738E+018,positive
1.37317062621574E+018,neutral
1.37341985209492E+018,negative
1.37511250672996E+018,negative
1.38123534106823E+018,negative
1.37371909263768E+018,neutral
1.37322617945342E+018,neutral
1.50475158051565E+018,negative
1.44708449664227E+018,negative
1.37330909891416E+018,positive
1.37327258485538E+018,positive
1.37323149783513E+018,positive
1.37326545284827E+018,neutral
1.3730851143648E+018,neutral
1.37318758294791E+018,positive
1.37611548306638E+018,negative
1.37618932253427E+018,positive
1.37306473687568E+018,positive
1.37325265523823E+018,neutral
1.37875545678984E+018,neutral
1.3731917855776E+018,positive
1.37391657312001E+018,neutral
1.37322506219153E+018,neutral
1.3751532870083E+018,positive
1.37308408722164E+018,positive
1.37313702947156E+018,negative
1.4023652139539E+018,negative
1.37323957556126E+018,neutral
1.37316748503432E+018,neutral
1.40738154882814E+018,negative
1.39644758857287E+018,negative
1.37328509094455E+018,positive
1.37822880551344E+018,neutral
1.37342704754931E+018,positive
1.40269994266213E+018,neutral
1.3731726894987E+018,neutral
1.37324954732187E+018,positive
1.37327847489136E+018,negative
1.37332959152428E+018,positive
1.3732453307294E+018,neutral
1.43489533776912E+018,neutral
1.37480256782226E+018,neutral
1.37530781959607E+018,neutral
1.37348405259498E+018,neutral
1.37866051955347E+018,neutral
1.37330854492629E+018,positive
1.37315865214887E+018,positive
1.37307773341736E+018,negative
1.37334701918875E+018,negative
1.37337062779776E+018,negative
1.3800643830538E+018,neutral
1.37320584635265E+018,positive
1.44732705399341E+018,neutral
1.37320054738224E+018,positive
1.37321298869872E+018,positive
1.37321845257234E+018,positive
1.37334031140619E+018,positive
1.37352322581313E+018,positive
1.3732318719712E+018,neutral
1.37324880665399E+018,positive
1.40709014655037E+018,positive
1.37330941244678E+018,positive
1.37319166244122E+018,negative
1.37323273779721E+018,neutral
1.37319594848728E+018,positive
1.39893457768358E+018,negative
1.37319727936931E+018,neutral
1.40981256945238E+018,neutral
1.39419598800547E+018,positive
1.48423286865836E+018,negative
1.3731818963106E+018,positive
1.37326082358237E+018,positive
1.37584173529789E+018,positive
1.37334852116488E+018,positive
1.37319287475031E+018,positive
1.3732146870185E+018,neutral
1.41067950809777E+018,negative
1.3733383565082E+018,neutral
1.37316677797524E+018,neutral
1.37318132839764E+018,positive
1.37335642707559E+018,negative
1.39464753544529E+018,positive
1.37328426490993E+018,positive
1.373364520933E+018,positive
1.37322588520196E+018,positive
1.37325570242946E+018,positive
1.37320090611687E+018,neutral
1.37316743237907E+018,positive
1.37318097350918E+018,positive
1.37437980482105E+018,negative
1.37317096385298E+018,positive
1.37323696813444E+018,neutral
1.37315386329813E+018,positive
1.46381070532974E+018,positive
1.4098398919371E+018,positive
1.38630584376805E+018,neutral
1.41060886625808E+018,positive
1.37326226121366E+018,neutral
1.38065978427434E+018,negative
1.37579487572829E+018,negative
1.3732191265006E+018,negative
1.37329442326257E+018,neutral
1.373499783609E+018,negative
1.37315023717971E+018,neutral
1.37315715085226E+018,neutral
1.37334754478119E+018,positive
1.44691387166777E+018,neutral
1.37327343731835E+018,positive
1.40288227170372E+018,negative
1.37318749421327E+018,negative
1.37312281359961E+018,positive
1.37442697263432E+018,positive
1.3731757737634E+018,positive
1.37317877581971E+018,negative
1.3880077041286E+018,neutral
1.3734031871479E+018,positive
1.37324021779309E+018,negative
1.37323283038224E+018,neutral
1.37335654452444E+018,negative
1.37320861722733E+018,positive
1.37358422318613E+018,positive
1.37315715194279E+018,positive
1.37324777084541E+018,positive
1.37314825632737E+018,neutral
1.41268575614601E+018,positive
1.37335936908206E+018,neutral
1.39689017077599E+018,neutral
1.37322898098004E+018,positive
1.37308935655096E+018,neutral
1.37315698628461E+018,neutral
1.37327065260249E+018,positive
1.37328891817558E+018,positive
1.4108404629786E+018,positive
1.37324365083516E+018,positive
1.41088248361321E+018,neutral
1.37368796767232E+018,positive
1.37327112651686E+018,positive
1.37320260301478E+018,positive
1.37314776436061E+018,positive
1.50445483175853E+018,positive
1.37319561102197E+018,neutral
1.37328215162665E+018,positive
1.37609379789816E+018,positive
1.37325282978005E+018,positive
1.43309951298636E+018,positive
1.3733639743355E+018,negative
1.37330693190597E+018,neutral
1.41063425601611E+018,positive
1.40984985588381E+018,neutral
1.37330680097237E+018,negative
1.37365533227111E+018,negative
1.39281686074847E+018,positive
1.37308526231041E+018,neutral
1.37356884664955E+018,positive
1.37859154675754E+018,negative
1.3732437382109E+018,positive
1.37338433281189E+018,neutral
1.37375727087455E+018,positive
1.37336125225739E+018,neutral
1.37317039767652E+018,negative
1.37508831788945E+018,positive
1.37561519814961E+018,positive
1.44733903355479E+018,negative
1.37329783573567E+018,positive
1.37322884247994E+018,positive
1.37323148051684E+018,negative
1.37330806477495E+018,positive
1.37321523866595E+018,negative
1.39470953331917E+018,negative
1.37330190450001E+018,negative
1.37680416038601E+018,positive
1.37325519527936E+018,positive
1.37331680970161E+018,negative
1.40833856490831E+018,positive
1.46061165193852E+018,positive
1.37306844063481E+018,positive
1.37312567039874E+018,neutral
1.37319840660947E+018,positive
1.37308399536643E+018,positive
1.37319622001813E+018,positive
1.37363303737689E+018,neutral
1.37323188864779E+018,positive
1.37317334516492E+018,negative
1.37324540545932E+018,positive
1.37882776101234E+018,neutral
1.37328023749724E+018,positive
1.37319242020935E+018,positive
1.45873657847453E+018,positive
1.37317250262572E+018,positive
1.37334206484337E+018,neutral
1.37327512633102E+018,positive
1.37437184342813E+018,positive
1.3731824199652E+018,positive
1.3732221046032E+018,positive
1.37321910890125E+018,neutral
1.37357296934836E+018,positive
1.37309160469792E+018,negative
1.37320082714647E+018,positive
1.37322883979556E+018,positive
1.37322177072821E+018,positive
1.37321262616821E+018,positive
1.37318901281132E+018,neutral
1.37326051842163E+018,positive
1.37335417142503E+018,positive
1.37448231081326E+018,negative
1.37360031944844E+018,neutral
1.37901324472409E+018,positive
1.37519002782788E+018,neutral
1.41043089667564E+018,negative
1.3736181806823E+018,positive
1.3733315420225E+018,neutral
1.37328120467023E+018,negative
1.37320184254976E+018,positive
1.37319723049721E+018,neutral
1.44750261403223E+018,neutral
1.37323503886364E+018,positive
1.37317534001781E+018,neutral
1.37335831590491E+018,negative
1.37324171141831E+018,positive
1.39326422069174E+018,neutral
1.37405461854048E+018,negative
1.37314356653765E+018,neutral
1.37330678205193E+018,positive
1.37771799973455E+018,positive
1.37323260147814E+018,positive
1.4095282665669E+018,positive
1.37323820867118E+018,positive
1.38551174104034E+018,positive
1.37505672145084E+018,neutral
1.3920481274615E+018,positive
1.48481032819409E+018,negative
1.3743037175126E+018,positive
1.37311701051161E+018,positive
1.37329041129328E+018,positive
1.37570782183728E+018,positive
1.37316385608479E+018,positive
1.37319018960724E+018,positive
1.44721980455796E+018,neutral
1.3739290736433E+018,positive
1.37318337581778E+018,positive
1.37579524025949E+018,neutral
1.37321677469982E+018,neutral
1.37315057837371E+018,neutral
1.37539302275462E+018,negative
1.3777332953001E+018,positive
1.37477308966229E+018,neutral
1.49924195006675E+018,negative
1.37322231842045E+018,negative
1.41231850695206E+018,neutral
1.37323681010565E+018,positive
1.37319542469836E+018,positive
1.37373284551295E+018,positive
1.49424907947547E+018,neutral
1.3732863116715E+018,positive
1.41062445612552E+018,positive
1.39222842249624E+018,positive
1.37320887280305E+018,positive
1.37329493477051E+018,negative
1.39432567044097E+018,negative
1.37316921658562E+018,neutral
1.37339514861325E+018,neutral
1.37325343758918E+018,positive
1.37329899422339E+018,positive
1.37317390066275E+018,positive
1.37321257256918E+018,neutral
1.37350475565014E+018,negative
1.37309199613967E+018,positive
1.42763996955268E+018,neutral
1.37354486292722E+018,positive
1.37409683115249E+018,neutral
1.37306829096528E+018,negative
1.37322623160958E+018,neutral
1.37312607124004E+018,positive
1.3733186741369E+018,positive
1.37446142041948E+018,positive
1.37443247002046E+018,neutral
1.37326712812884E+018,positive
1.37322901581379E+018,positive
1.37318432308874E+018,positive
1.37308432308833E+018,negative
1.37471315315041E+018,negative
1.37318910878537E+018,negative
1.37353827350361E+018,neutral
1.37326246668423E+018,positive
1.37325186066096E+018,positive
1.37590627062083E+018,neutral
1.37328998863753E+018,neutral
1.37311426614068E+018,positive
1.37306246512738E+018,negative
1.37313951321676E+018,neutral
1.4108977352183E+018,positive
1.37579982003676E+018,positive
1.37362457581731E+018,negative
1.37323411313465E+018,positive
1.37324451880439E+018,negative
1.37317427358246E+018,positive
1.46439357572731E+018,positive
1.37328552281521E+018,positive
1.39243170294592E+018,positive
1.37321956576992E+018,neutral
1.37306195606466E+018,negative
1.37321917446246E+018,positive
1.37313173058507E+018,negative
1.37319136673859E+018,neutral
1.40921618967129E+018,positive
1.37328615421733E+018,positive
1.37319615405845E+018,positive
1.37332827929851E+018,negative
1.37315947833873E+018,positive
1.39536237514709E+018,neutral
1.39762667594962E+018,neutral
1.37336270935446E+018,positive
1.37318298586914E+018,neutral
1.42189141155375E+018,neutral
1.37580409413745E+018,neutral
1.37376088102524E+018,positive
1.3737736550843E+018,neutral
1.37332854151801E+018,neutral
1.37320606027056E+018,positive
1.42030533781136E+018,neutral
1.49972702371091E+018,positive
1.37318047548591E+018,positive
1.37317831675308E+018,neutral
1.37348933771586E+018,neutral
1.37313393461632E+018,positive
1.37327247912541E+018,positive
1.37636795848251E+018,neutral
1.41069360900802E+018,positive
1.37567889004424E+018,neutral
1.38016594585178E+018,negative
1.37321596960311E+018,positive
1.37322037561467E+018,neutral
1.37323176899684E+018,positive
1.37307637942893E+018,positive
1.37321346605667E+018,neutral
1.37313430297261E+018,positive
1.37318624293489E+018,positive
1.37327327457931E+018,positive
1.37612975079261E+018,positive
1.37320894299891E+018,neutral
1.37581594089033E+018,positive
1.37316485398098E+018,positive
1.37323297225877E+018,positive
1.3730688548098E+018,positive
1.37321318081882E+018,positive
1.37320959541871E+018,neutral
1.37322746596813E+018,positive
1.37329888398036E+018,positive
1.40770152814472E+018,negative
1.37325253071778E+018,positive
1.3739400040834E+018,neutral
1.37370891016355E+018,negative
1.37320641354E+018,negative
1.37374156293764E+018,neutral
1.41341678908672E+018,positive
1.37318995917629E+018,positive
1.37323888067414E+018,negative
1.37324086153907E+018,neutral
1.37314616315153E+018,positive
1.37322973218396E+018,neutral
1.37333224513464E+018,positive
1.37328873769894E+018,negative
1.4075041138653E+018,neutral
1.37319242442043E+018,negative
1.37325209562581E+018,neutral
1.37365055584381E+018,positive
1.37500487242528E+018,positive
1.3731657229863E+018,positive
1.3733169474384E+018,positive
1.37321961976332E+018,negative
1.37424295864031E+018,neutral
1.49319408015476E+018,neutral
1.37514509443364E+018,neutral
1.37319873132829E+018,positive
1.37444153074474E+018,negative
1.37331052108102E+018,neutral
1.50113140304342E+018,positive
1.37315976215884E+018,negative
1.38376662552711E+018,neutral
1.37313396547794E+018,neutral
1.406977021713E+018,positive
1.37321809753712E+018,neutral
1.37320962846144E+018,positive
1.3733054671208E+018,positive
1.37314574653968E+018,negative
1.37324496978438E+018,positive
1.49400236048146E+018,positive
1.37548615131065E+018,positive
1.49434790540623E+018,negative
1.37316981290665E+018,positive
1.37322429549793E+018,neutral
1.37324991462548E+018,positive
1.37319574083987E+018,positive
1.37322146978275E+018,positive
1.37321085714086E+018,negative
1.37328744220842E+018,positive
1.37547432051278E+018,neutral
1.37407906674424E+018,negative
1.38536837604279E+018,neutral
1.37327590510418E+018,positive
1.37351683690667E+018,neutral
1.3758460975418E+018,positive
1.37331403870117E+018,neutral
1.37319924921998E+018,negative
1.3733291076904E+018,neutral
1.37351336709734E+018,negative
1.38243881250943E+018,positive
1.3736105439327E+018,negative
1.40995979068045E+018,positive
1.44713158389551E+018,positive
1.43266306148841E+018,negative
1.37341341106991E+018,negative
1.37333392526377E+018,positive
1.37318591922274E+018,neutral
1.37322141622143E+018,neutral
1.37333883866018E+018,positive
1.37326047470853E+018,negative
1.37567699605593E+018,neutral
1.37336850833625E+018,positive
1.3732155073321E+018,neutral
1.3732895981854E+018,neutral
1.37321450564841E+018,neutral
1.45879037479789E+018,positive
1.37322447083237E+018,positive
1.37318436285909E+018,positive
1.37318166322886E+018,neutral
1.37754804773179E+018,neutral
1.37544483570077E+018,neutral
1.37320098070417E+018,positive
1.3731286455864E+018,negative
1.37324458036002E+018,negative
1.41120987448737E+018,neutral
1.37324174040094E+018,positive
1.37315330129914E+018,positive
1.39383488979601E+018,neutral
1.3733357467745E+018,negative
1.3733245854715E+018,negative
1.37316225041709E+018,positive
1.37330295479142E+018,neutral
1.41205567007401E+018,neutral
1.37432253642351E+018,neutral
1.4621584108798E+018,negative
1.49391875894724E+018,neutral
1.37319585703048E+018,positive
1.37329477307172E+018,positive
1.37307295830287E+018,positive
1.37339966220025E+018,neutral
1.37318648045832E+018,positive
1.37308148162767E+018,positive
1.44324454119741E+018,positive
1.49513299516184E+018,neutral
1.37324070271755E+018,positive
1.49542700324744E+018,positive
1.37320378506196E+018,neutral
1.3733146225105E+018,positive
1.37326930430571E+018,positive
1.37327049963622E+018,positive
1.37308182318673E+018,negative
1.37478849332348E+018,positive
1.4938972481488E+018,neutral
1.48376980536687E+018,negative
1.37517821278385E+018,neutral
1.3731867542541E+018,positive
1.37600613075374E+018,negative
1.37317053317769E+018,positive
1.37317622373674E+018,neutral
1.37396783514428E+018,positive
1.37400153277406E+018,neutral
1.37333111715207E+018,negative
1.3733029107345E+018,positive
1.3731527496475E+018,neutral
1.37341361710683E+018,positive
1.3732327514371E+018,positive
1.3731795958187E+018,positive
1.37426775184654E+018,neutral
1.37428515541059E+018,neutral
1.49353448717041E+018,neutral
1.37337281210734E+018,negative
1.49399319374614E+018,positive
1.37318660562899E+018,positive
1.37308844330837E+018,positive
1.45776157877914E+018,positive
1.37977055670324E+018,neutral
1.41171040129374E+018,negative
1.37308726527518E+018,positive
1.3736531942162E+018,negative
1.37354719248137E+018,neutral
1.40820055269404E+018,positive
1.37427330147695E+018,positive
1.37314803488905E+018,positive
1.37319920228148E+018,negative
1.37768453371006E+018,positive
1.37316489481253E+018,positive
1.37339627635678E+018,neutral
1.41058778821128E+018,positive
1.38083911284078E+018,neutral
1.38749515112423E+018,neutral
1.37321587830994E+018,positive
1.37325565664863E+018,negative
1.37323772601159E+018,positive
1.38952417512411E+018,positive
1.37315565078461E+018,positive
1.37325286291926E+018,neutral
1.37317552017159E+018,positive
1.37318293680836E+018,positive
1.44460276892528E+018,positive
1.37355028001761E+018,positive
1.37320700040282E+018,positive
1.37326674099033E+018,neutral
1.37403017728664E+018,positive
1.37313101235664E+018,positive
1.3733061241753E+018,neutral
1.37352239202319E+018,positive
1.39204802177757E+018,positive
1.37322168073521E+018,neutral
1.37350122945688E+018,negative
1.37318528467487E+018,positive
1.37321269416211E+018,positive
1.37326451699839E+018,negative
1.373338224266E+018,positive
1.38137702374303E+018,negative
1.37474816589163E+018,positive
1.37310143172569E+018,negative
1.40776085647414E+018,neutral
1.37518683042605E+018,negative
1.37307106540928E+018,positive
1.37510056209044E+018,neutral
1.37336913006212E+018,positive
1.37328511722603E+018,negative
1.37432650229314E+018,neutral
1.3731409974887E+018,negative
1.37320046714513E+018,positive
1.37318922619657E+018,positive
1.37313287075208E+018,negative
1.37329087420191E+018,positive
1.37324994057145E+018,negative
1.37315880700262E+018,negative
1.3737366424402E+018,neutral
1.37316763675908E+018,positive
1.37320394372404E+018,negative
1.37318698401393E+018,neutral
1.4446959111674E+018,negative
1.37333774625374E+018,neutral
1.37321947521918E+018,positive
1.37320931567541E+018,positive
1.41053160199866E+018,neutral
1.41091079618035E+018,negative
1.37331575176813E+018,positive
1.3731075020118E+018,positive
1.37321383098622E+018,positive
1.42327270105834E+018,positive
1.37386563466108E+018,positive
1.46503124619147E+018,negative
1.47339845404715E+018,neutral
1.37307005221227E+018,negative
1.37323073746653E+018,neutral
1.37655732598148E+018,positive
1.37471689198236E+018,positive
1.37327386570779E+018,positive
1.37455387992542E+018,negative
1.37315244896624E+018,positive
1.37325051409625E+018,positive
1.37320596462361E+018,positive
1.37321006444671E+018,positive
1.37323310566285E+018,positive
1.37317593439262E+018,positive
1.37310824062458E+018,positive
1.37444986687361E+018,negative
1.37317877014898E+018,neutral
1.376424803587E+018,neutral
1.37319554410185E+018,positive
1.37334734991806E+018,positive
1.37399112705397E+018,negative
1.37383103404383E+018,positive
1.3732211161777E+018,positive
1.37320197835713E+018,positive
1.37316856489148E+018,positive
1.37319745858349E+018,negative
1.37317354803502E+018,neutral
1.3732822373204E+018,positive
1.37625655767612E+018,negative
1.3731792042846E+018,positive
1.40005459085539E+018,negative
1.37316972659206E+018,positive
1.37320417566491E+018,neutral
1.37326876174732E+018,positive
1.37718956756084E+018,positive
1.37325909131803E+018,positive
1.37333284798611E+018,positive
1.37328610558439E+018,negative
1.373403766893E+018,negative
1.38468085998758E+018,positive
1.37324744957016E+018,neutral
1.37331599894269E+018,positive
1.44388609872017E+018,neutral
1.37903485148399E+018,neutral
1.37311361487432E+018,positive
1.44699279383084E+018,positive
1.3732785662433E+018,positive
1.37334014590733E+018,positive
1.38412547517433E+018,neutral
1.41146363973575E+018,positive
1.37331491565459E+018,positive
1.459220635973E+018,negative
1.37319671427488E+018,neutral
1.37318160224375E+018,positive
1.37506302020907E+018,positive
1.50123094221588E+018,positive
1.37429824273377E+018,negative
1.37393491889241E+018,positive
1.37319528870224E+018,neutral
1.37320116627692E+018,neutral
1.37319837141082E+018,positive
1.37323274171889E+018,positive
1.37316221288233E+018,neutral
1.37361098626815E+018,positive
1.37314819371476E+018,positive
1.37316561702135E+018,neutral
1.37319939574793E+018,neutral
1.37316926833919E+018,neutral
1.37373472043816E+018,positive
1.37322397430647E+018,negative
1.39240256061565E+018,neutral
1.37320412128576E+018,positive
1.37339216601854E+018,negative
1.37336051948304E+018,positive
1.37331387328197E+018,positive
1.37479948108709E+018,positive
1.41487757616268E+018,positive
1.37331220186446E+018,positive
1.3732368469568E+018,positive
1.37335023658484E+018,positive
1.3731754527146E+018,positive
1.37320020942195E+018,positive
1.37460883219907E+018,positive
1.37321327750173E+018,positive
1.37323446414332E+018,neutral
1.37318044693109E+018,positive
1.45912505135415E+018,negative
1.37576199041366E+018,positive
1.37319946246253E+018,negative
1.37324777156263E+018,neutral
1.3731798039736E+018,negative
1.37306805461204E+018,positive
1.3731454497466E+018,positive
1.37362998814723E+018,positive
1.37341528781141E+018,positive
1.37886950183655E+018,neutral
1.37321060387619E+018,positive
1.3731957209421E+018,negative
1.37324159983723E+018,positive
1.44726537421128E+018,neutral
1.38237841315615E+018,positive
1.37319211067815E+018,positive
1.37362923490051E+018,neutral
1.3734323075169E+018,negative
1.37319188252479E+018,positive
1.37310267425469E+018,neutral
1.37611783587798E+018,positive
1.37404570382831E+018,negative
1.37319419552822E+018,neutral
1.385281508467E+018,negative
1.37324468309108E+018,positive
1.37316253094054E+018,negative
1.37359984644005E+018,negative
1.37320369154996E+018,positive
1.37372457768E+018,positive
1.37313907496232E+018,neutral
1.37324660400266E+018,positive
1.37319854697605E+018,neutral
1.37427795797647E+018,negative
1.37337969148312E+018,positive
1.37859287658675E+018,neutral
1.37322140827322E+018,positive
1.37328449659067E+018,positive
1.37315949082097E+018,positive
1.37978401764245E+018,neutral
1.4645097997821E+018,positive
1.37306868735636E+018,positive
1.37318247257022E+018,positive
1.37316708046852E+018,positive
1.4994699858566E+018,positive
1.37312524004643E+018,positive
1.38122730115794E+018,negative
1.37320181901547E+018,negative
1.37331659098543E+018,positive
1.38157180888175E+018,positive
1.37320997871518E+018,negative
1.37437206647285E+018,negative
1.37330960824522E+018,neutral
1.49679893205949E+018,neutral
1.40014448910939E+018,positive
1.40578857020444E+018,neutral
1.40927395074459E+018,neutral
1.38380154143856E+018,positive
1.3731289605954E+018,positive
1.37335923319079E+018,positive
1.37314711834139E+018,negative
1.37321398847818E+018,neutral
1.373740365338E+018,positive
1.41068072746997E+018,neutral
1.3731370362538E+018,negative
1.37324997514095E+018,positive
1.37313291769888E+018,negative
1.44798932039733E+018,neutral
1.3732543332367E+018,positive
1.37322105899675E+018,negative
1.37424603983895E+018,negative
1.37314112959664E+018,positive
1.41071712596732E+018,positive
1.37398743135619E+018,positive
1.40988779584233E+018,positive
1.37324045771152E+018,neutral
1.37323308703169E+018,positive
1.43644634819527E+018,negative
1.37323617449667E+018,positive
1.37326865610958E+018,positive
1.40731784686301E+018,neutral
1.37320124882925E+018,neutral
1.37369673316376E+018,positive
1.37331594015109E+018,neutral
1.37330409570507E+018,negative
1.37403678542937E+018,positive
1.37317597693125E+018,positive
1.37312764740914E+018,positive
1.4095531120803E+018,positive
1.37317846236667E+018,positive
1.37312628285521E+018,negative
1.41069467878209E+018,neutral
1.37351333616015E+018,positive
1.3733593399526E+018,neutral
1.37322577974882E+018,negative
1.37373347699485E+018,neutral
1.37342055714069E+018,positive
1.37327670791913E+018,positive
1.37322756221482E+018,positive
1.37578047984096E+018,positive
1.37324329382434E+018,positive
1.37317940459203E+018,positive
1.37324671846101E+018,positive
1.37313488084291E+018,positive
1.37309993008512E+018,neutral
1.3736835320491E+018,positive
1.37317411498748E+018,neutral
1.37323154798216E+018,positive
1.3758473509802E+018,positive
1.37520486106785E+018,neutral
1.3852537539647E+018,negative
1.37315233261204E+018,positive
1.37318267441685E+018,positive
1.37325392294565E+018,neutral
1.37315705935773E+018,positive
1.37319216562769E+018,neutral
1.38055847688005E+018,neutral
1.37326892962012E+018,neutral
1.39228787798011E+018,neutral
1.40893716058199E+018,positive
1.3732664610919E+018,neutral
1.41070343731932E+018,positive
1.37318562758021E+018,negative
1.37321747702762E+018,positive
1.37446299626987E+018,positive
1.37339295887622E+018,negative
1.37326843272935E+018,neutral
1.37319205186143E+018,positive
1.37788119507842E+018,neutral
1.37512326073254E+018,negative
1.3732086650759E+018,positive
1.37426526847883E+018,neutral
1.40723359909145E+018,positive
1.37320439914582E+018,positive
1.37322020424791E+018,negative
1.37865658059026E+018,neutral
1.37332802519087E+018,positive
1.37580729665212E+018,positive
1.37337713575114E+018,neutral
1.4175751469032E+018,positive
1.37314503493832E+018,negative
1.4502092833255E+018,positive
1.37324440033212E+018,positive
1.3731979014433E+018,neutral
1.46647229655045E+018,positive
1.37320680037648E+018,positive
1.37319275270445E+018,negative
1.47030251832863E+018,neutral
1.37327123504446E+018,positive
1.3731959683179E+018,positive
1.48448169453104E+018,positive
1.37313739299194E+018,neutral
1.37470695370071E+018,positive
1.37320051460374E+018,positive
1.47480290783704E+018,neutral
1.4105117674663E+018,negative
1.37333234564271E+018,positive
1.41059288269249E+018,positive
1.39610808301805E+018,positive
1.37306719496012E+018,neutral
1.37629405659942E+018,positive
1.41053794576167E+018,neutral
1.4070649353105E+018,positive
1.37315401383589E+018,positive
1.3731602332757E+018,positive
1.37388076865356E+018,neutral
1.37323623812006E+018,positive
1.37322837416912E+018,positive
1.39837214695148E+018,neutral
1.37323674155399E+018,positive
1.37579805508622E+018,positive
1.37321684877542E+018,positive
1.37317063462533E+018,positive
1.37311818508863E+018,neutral
1.37324366429042E+018,positive
1.37321732814241E+018,neutral
1.45950712540796E+018,negative
1.44681186662232E+018,positive
1.37475498726014E+018,positive
1.44385323404979E+018,positive
1.37318626288724E+018,positive
1.37498726871749E+018,positive
1.41058483490117E+018,neutral
1.37315527581801E+018,positive
1.37735621435965E+018,positive
1.39613988239804E+018,positive
1.37324361785531E+018,negative
1.4221625709501E+018,positive
1.37322314815442E+018,positive
1.37321413618894E+018,positive
1.37323821812096E+018,neutral
1.37325812298326E+018,positive
1.37317378848604E+018,positive
1.37319751876755E+018,positive
1.37327994805252E+018,neutral
1.37316833751402E+018,positive
1.3892548862615E+018,neutral
1.37317316332082E+018,positive
1.37318076058949E+018,positive
1.37319243126135E+018,neutral
1.37318284135439E+018,positive
1.37324671372562E+018,positive
1.40619988159377E+018,positive
1.37320905117835E+018,positive
1.37330237700094E+018,negative
1.37340382220322E+018,positive
1.37333245276527E+018,neutral
1.37332992818434E+018,positive
1.37374169217253E+018,positive
1.37314984557851E+018,positive
1.37317204654969E+018,neutral
1.45907255285329E+018,positive
1.37335515440631E+018,negative
1.37321482475943E+018,positive
1.37311422295619E+018,negative
1.37320385761079E+018,positive
1.37338282242206E+018,positive
1.37314980467981E+018,negative
1.37318741819569E+018,positive
1.3736146410882E+018,neutral
1.37321593830939E+018,negative
1.38092576722846E+018,negative
1.37333908144746E+018,positive
1.37701832517635E+018,positive
1.37329148852478E+018,positive
1.37317604959757E+018,neutral
1.38270178561013E+018,positive
1.37330043603642E+018,positive
1.37316213310661E+018,positive
1.37318204694479E+018,negative
1.37316244446244E+018,neutral
1.37319389737612E+018,positive
1.47798378370196E+018,negative
1.40519243061856E+018,positive
1.37368048777287E+018,positive
1.37321408368885E+018,positive
1.37336874513403E+018,positive
1.37537446784573E+018,negative
1.39203386164378E+018,positive
1.37318626440972E+018,positive
1.37358246184264E+018,negative
1.3732029501773E+018,positive
1.37317308910263E+018,positive
1.41056996964606E+018,positive
1.37318619244391E+018,positive
1.4004213496303E+018,negative
1.37320263473209E+018,negative
1.37376721559874E+018,negative
1.40957979847368E+018,neutral
1.37320352334573E+018,positive
1.37331170340073E+018,positive
1.37322702602754E+018,positive
1.37360601498611E+018,neutral
1.37323687417787E+018,positive
1.39213318939784E+018,positive
1.37352189052285E+018,positive
1.37334693494201E+018,positive
1.37320335020485E+018,negative
1.41070284981052E+018,neutral
1.37320050060735E+018,neutral
1.3731806600982E+018,negative
1.37354716667382E+018,positive
1.37322963244354E+018,positive
1.37323054966652E+018,positive
1.37317775563077E+018,neutral
1.37333573336531E+018,neutral
1.37322367162458E+018,neutral
1.37319576112348E+018,positive
1.37364838053519E+018,neutral
1.37322814859944E+018,neutral
1.3732628372719E+018,positive
1.39174878808846E+018,neutral
1.37321448229039E+018,neutral
1.4105814834762E+018,negative
1.37334256524481E+018,neutral
1.37326654749876E+018,neutral
1.4106237787874E+018,positive
1.37319958884537E+018,positive
1.37534666970595E+018,neutral
1.37769702957772E+018,negative
1.37323846985466E+018,positive
1.3746641411437E+018,neutral
1.41140130675806E+018,neutral
1.37308739622129E+018,positive
1.37318966773934E+018,positive
1.40978051819178E+018,positive
1.37332407594322E+018,positive
1.3732129724793E+018,positive
1.37321305173487E+018,neutral
1.41065687070092E+018,positive
1.37325454524616E+018,neutral
1.37337020168583E+018,negative
1.37330879040632E+018,negative
1.39131529581869E+018,positive
1.40961154570586E+018,positive
1.37322535002141E+018,neutral
1.46126960901381E+018,neutral
1.37334189696635E+018,positive
1.40310644841088E+018,neutral
1.37321879843468E+018,positive
1.37323505106068E+018,positive
1.37329495217688E+018,positive
1.37320635872465E+018,positive
1.37667006775317E+018,neutral
1.40258817013133E+018,neutral
1.37336740263383E+018,negative
1.37340437426596E+018,positive
1.46742638663791E+018,negative
1.41847091806255E+018,positive
1.37317940252844E+018,positive
1.44695378693786E+018,positive
1.42220293065293E+018,positive
1.37319361909667E+018,negative
1.37340812809253E+018,positive
1.37323009918989E+018,positive
1.41056039032967E+018,positive
1.37475688459554E+018,positive
1.3732872047857E+018,positive
1.37412373375812E+018,neutral
1.48200194618158E+018,negative
1.37316879805278E+018,positive
1.37316254138853E+018,neutral
1.37319131961559E+018,negative
1.39676468104653E+018,positive
1.39828063648234E+018,positive
1.37328213907728E+018,positive
1.37317279215853E+018,neutral
1.37339308926035E+018,neutral
1.3732569156655E+018,positive
1.37319414555732E+018,positive
1.46753441056842E+018,positive
1.37321842770015E+018,positive
1.37394643512578E+018,positive
1.37338243184428E+018,positive
1.37324714762217E+018,positive
1.37317969727895E+018,positive
1.37331170855558E+018,neutral
1.37315585750089E+018,positive
1.37325597921578E+018,positive
1.37321401929794E+018,positive
1.37313102583289E+018,positive
1.37337181279342E+018,neutral
1.3736006541539E+018,positive
1.42247846142851E+018,positive
1.37324063792393E+018,positive
1.37313394162074E+018,neutral
1.49806477209653E+018,neutral
1.37317587228336E+018,positive
1.3731480738374E+018,positive
1.37314532514636E+018,positive
1.37322435685216E+018,neutral
1.37332176675243E+018,positive
1.37320215772228E+018,neutral
1.37323450730278E+018,positive
1.37318386499946E+018,positive
1.37322998045333E+018,neutral
1.37311438313666E+018,positive
1.42581838637886E+018,positive
1.3731774425511E+018,positive
1.4106320432943E+018,neutral
1.37359615016351E+018,positive
1.37321241805941E+018,positive
1.40994546383127E+018,positive
1.37321487032635E+018,positive
1.37441554655323E+018,neutral
1.37316163567894E+018,positive
1.37318845881929E+018,positive
1.37319221495694E+018,neutral
1.37344873056163E+018,neutral
1.37359826243593E+018,negative
1.37319754127842E+018,negative
1.37318261401049E+018,neutral
1.37319133755886E+018,positive
1.37425180377738E+018,positive
1.37315778117232E+018,positive
1.37361739556318E+018,positive
1.44708988935963E+018,neutral
1.37320944181907E+018,neutral
1.37321735811073E+018,negative
1.37323396838085E+018,neutral
1.3755708465306E+018,neutral
1.37320655232946E+018,positive
1.37317237474129E+018,positive
1.3731488579835E+018,neutral
1.37323067695517E+018,positive
1.37339438182318E+018,positive
1.37315058977807E+018,negative
1.37326213311537E+018,positive
1.40737662855718E+018,positive
1.42212506434298E+018,positive
1.37320646215192E+018,positive
1.37333410861351E+018,positive
1.37357774563299E+018,positive
1.44190112506665E+018,negative
1.40373456528647E+018,neutral
1.37319010883331E+018,positive
1.37316947777331E+018,negative
1.37322942784963E+018,neutral
1.37584718401339E+018,positive
1.3731480436216E+018,positive
1.37429662512908E+018,neutral
1.37307059628057E+018,neutral
1.46134399538516E+018,neutral
1.37322425792526E+018,neutral
1.37320596787005E+018,positive
1.4033115873778E+018,positive
1.37320565914405E+018,positive
1.37320191231774E+018,positive
1.41092248178811E+018,neutral
1.37320268492114E+018,positive
1.42616251383881E+018,positive
1.37323603329124E+018,neutral
1.37306607954364E+018,negative
1.37327264213704E+018,neutral
1.37309896860389E+018,positive
1.37519423959271E+018,negative
1.3743900632666E+018,positive
1.37326255587607E+018,positive
1.37332725910117E+018,positive
1.37320268354546E+018,positive
1.37327758542628E+018,positive
1.37322295896199E+018,positive
1.40236901088535E+018,neutral
1.37317208745667E+018,positive
1.37317004811483E+018,neutral
1.37339943883259E+018,positive
1.37317075491372E+018,positive
1.3732014624871E+018,positive
1.37328684320312E+018,positive
1.37320491747371E+018,positive
1.37319333060818E+018,positive
1.37319460266935E+018,positive
1.37308096196185E+018,positive
1.3732070917254E+018,positive
1.37318581893275E+018,neutral
1.37331119950128E+018,negative
1.3732411291441E+018,negative
1.41826927031681E+018,neutral
1.4476752592563E+018,positive
1.37931376197516E+018,positive
1.37321195986944E+018,positive
1.3733133546689E+018,positive
1.37362690253615E+018,negative
1.37328577412117E+018,positive
1.37650816160832E+018,negative
1.37321317987092E+018,positive
1.45521773437612E+018,neutral
1.4223063552103E+018,negative
1.37333173439421E+018,neutral
1.37326719281759E+018,positive
1.37322912166958E+018,positive
1.37320392073093E+018,positive
1.37321812148239E+018,positive
1.37323691778181E+018,positive
1.37323091728053E+018,neutral
1.37319346209963E+018,positive
1.37319979637953E+018,positive
1.37316113124258E+018,positive
1.3737792107419E+018,neutral
1.37316769803364E+018,positive
1.37338221861E+018,negative
1.373295022314E+018,neutral
1.3732307900715E+018,negative
1.37311169603478E+018,neutral
1.37329128979032E+018,positive
1.37381530706477E+018,neutral
1.37329802979778E+018,positive
1.37316151643073E+018,positive
1.37327251101471E+018,positive
1.37325854656604E+018,positive
1.37335643647502E+018,positive
1.37316462318944E+018,positive
1.3731531435975E+018,positive
1.37322007837272E+018,neutral
1.3732996046331E+018,positive
1.37464137064895E+018,negative
1.37325063191442E+018,positive
1.39246445214711E+018,positive
1.37326396293501E+018,positive
1.37324328038579E+018,neutral
1.37330810874379E+018,neutral
1.37321476759952E+018,neutral
1.37484874028517E+018,neutral
1.41055243093326E+018,positive
1.42578380238796E+018,neutral
1.41050493371205E+018,positive
1.37646552429776E+018,neutral
1.37314578248073E+018,negative
1.37328634275555E+018,positive
1.37320849508919E+018,positive
1.3731411102735E+018,negative
1.37333120157083E+018,positive
1.40919260839249E+018,neutral
1.44694676899905E+018,neutral
1.44403648869873E+018,positive
1.37329298122729E+018,negative
1.37317013447967E+018,positive
1.38699143148784E+018,positive
1.37313808939316E+018,positive
1.38755771810651E+018,neutral
1.37317031165133E+018,positive
1.3732070863609E+018,positive
1.37313651003217E+018,positive
1.37680314369933E+018,neutral
1.37322308250101E+018,positive
1.41054655785489E+018,neutral
1.37324211704523E+018,neutral
1.37319565163543E+018,positive
1.37340752741782E+018,negative
1.37322466705868E+018,neutral
1.37330845402732E+018,negative
1.37316528028163E+018,positive
1.41102838204166E+018,neutral
1.37321802140628E+018,negative
1.37423558322939E+018,positive
1.3731611365316E+018,neutral
1.37364543842381E+018,positive
1.37321438916845E+018,positive
1.37316948151049E+018,positive
1.37317396783032E+018,positive
1.37320435089868E+018,neutral
1.37327687984785E+018,positive
1.37555980488686E+018,negative
1.37468646692056E+018,negative
1.37338643894391E+018,positive
1.41058017945027E+018,neutral
1.37323347458963E+018,positive
1.37330349426282E+018,positive
1.47363822981138E+018,negative
1.37354343281632E+018,positive
1.37320626504063E+018,positive
1.37318831525242E+018,positive
1.37327397327905E+018,positive
1.3758604006302E+018,positive
1.37315143377679E+018,neutral
1.37323864682078E+018,neutral
1.37320662679935E+018,positive
1.37336693933936E+018,negative
1.37316177244681E+018,negative
1.37321050821251E+018,negative
1.37318762256734E+018,positive
1.5040384942006E+018,negative
1.37322553755293E+018,positive
1.37320382569633E+018,positive
1.37374098214401E+018,positive
1.37314906272007E+018,positive
1.37306790885999E+018,positive
1.37312348361864E+018,neutral
1.37320707903763E+018,positive
1.37320972951895E+018,positive
1.3732015964196E+018,positive
1.37319889226794E+018,negative
1.39400179608814E+018,negative
1.37331658668213E+018,neutral
1.46419598514449E+018,neutral
1.37360681292734E+018,neutral
1.37358750680187E+018,negative
1.44718979940472E+018,neutral
1.37338722278802E+018,positive
1.37353099969136E+018,neutral
1.37315048917769E+018,positive
1.37321632684881E+018,positive
1.37324715689582E+018,positive
1.37320434282465E+018,positive
1.37320884093053E+018,positive
1.37335166105441E+018,positive
1.37306806349562E+018,negative
1.4678583048147E+018,neutral
1.38305563167077E+018,positive
1.37324390060596E+018,neutral
1.37315693512669E+018,positive
1.37320435934603E+018,positive
1.37321042188947E+018,negative
1.395527401959E+018,positive
1.3732034008721E+018,neutral
1.37366251000451E+018,positive
1.37321642543592E+018,positive
1.37329297003689E+018,positive
1.3739870535585E+018,neutral
1.37334074916984E+018,positive
1.37407777667279E+018,negative
1.37411848701942E+018,neutral
1.38815804680384E+018,neutral
1.49985102004589E+018,positive
1.37334556634897E+018,negative
1.41056208310884E+018,neutral
1.37316672529487E+018,neutral
1.37395761901931E+018,positive
1.37335570673737E+018,neutral
1.37318068325915E+018,positive
1.37317304908467E+018,positive
1.39468411543423E+018,neutral
1.44730687426994E+018,neutral
1.41031687629145E+018,negative
1.37339926627478E+018,positive
1.37322941297658E+018,positive
1.47792221503948E+018,positive
1.37321333144882E+018,positive
1.37605551142725E+018,negative
1.39924991802442E+018,neutral
1.37326119639308E+018,positive
1.37479404915308E+018,positive
1.37315716849771E+018,neutral
1.48484318137621E+018,neutral
1.41055860751561E+018,positive
1.37577663915879E+018,neutral
1.3958060619412E+018,neutral
1.37374163421986E+018,positive
1.37324756631434E+018,positive
1.37952958817547E+018,neutral
1.3732289519597E+018,positive
1.38918173780935E+018,neutral
1.37306795072332E+018,positive
1.37318251055378E+018,positive
1.37318339204129E+018,positive
1.37318140722535E+018,positive
1.37369778768723E+018,neutral
1.37817631345496E+018,negative
1.37319696483421E+018,positive
1.37316107341991E+018,neutral
1.37318900369714E+018,positive
1.37862407678106E+018,positive
1.45379457664536E+018,neutral
1.37364140955994E+018,positive
1.37432602831582E+018,positive
1.49718453564095E+018,positive
1.37332555009432E+018,positive
1.37661135837298E+018,positive
1.3732113242772E+018,positive
1.37317139128197E+018,neutral
1.3732099111533E+018,positive
1.37323737917203E+018,negative
1.40615144482741E+018,positive
1.37321377513908E+018,positive
1.37335723339697E+018,positive
1.37322687059506E+018,positive
1.44279011222459E+018,positive
1.3732749645315E+018,positive
1.37326455108551E+018,positive
1.41177713811044E+018,positive
1.37316968206529E+018,positive
1.37331794575826E+018,positive
1.37322128729696E+018,positive
1.37326114898066E+018,positive
1.37321013302363E+018,positive
1.37325547167562E+018,positive
1.37321622486011E+018,neutral
1.37327623332524E+018,neutral
1.47833558694357E+018,positive
1.37321978849174E+018,positive
1.44696968105997E+018,positive
1.38241267264641E+018,negative
1.37318098545869E+018,neutral
1.37477309191884E+018,positive
1.37331934452503E+018,neutral
1.3731773282479E+018,neutral
1.37317850479219E+018,positive
1.37315502113571E+018,neutral
1.37321208650808E+018,neutral
1.37331588947975E+018,negative
1.37315579919167E+018,positive
1.37331691447533E+018,neutral
1.37320283518633E+018,neutral
1.37342150012928E+018,positive
1.42476239969394E+018,neutral
1.37515268264264E+018,neutral
1.37333037296091E+018,positive
1.50116514706222E+018,positive
1.37322822446606E+018,negative
1.373203409592E+018,positive
1.37315213659541E+018,neutral
1.37337243144914E+018,positive
1.37327179011027E+018,positive
1.49686317076546E+018,neutral
1.37485349483074E+018,positive
1.37316745255781E+018,positive
1.37323275863872E+018,positive
1.37341350890643E+018,negative
1.3737015073135E+018,positive
1.37356062932435E+018,positive
1.37317734998705E+018,positive
1.37311550197978E+018,positive
1.3732224759459E+018,neutral
1.37319247801111E+018,positive
1.37325233429429E+018,positive
1.39720064732223E+018,neutral
1.37319270914237E+018,positive
1.47496326519319E+018,negative
1.37616014033703E+018,positive
1.40014285142663E+018,positive
1.40978983813664E+018,positive
1.37358018761136E+018,positive
1.37323030336866E+018,negative
1.37363390940624E+018,negative
1.37319885840728E+018,positive
1.37329460711564E+018,positive
1.37317364365256E+018,positive
1.42859984587979E+018,negative
1.37751040752347E+018,neutral
1.37320447074674E+018,positive
1.3735555584318E+018,negative
1.37321309828325E+018,negative
1.37402150992939E+018,positive
1.37322645364349E+018,negative
1.37319313740178E+018,neutral
1.37333525423739E+018,positive
1.37318342211451E+018,positive
1.37327769152122E+018,positive
1.49402520865471E+018,neutral
1.42230257666252E+018,positive
1.37316875386585E+018,negative
1.37314189909626E+018,negative
1.37315645615809E+018,positive
1.3733395376284E+018,neutral
1.4675226714371E+018,negative
1.39974490302708E+018,positive
1.37337419937758E+018,positive
1.37321994860089E+018,neutral
1.37318980222969E+018,positive
1.373555180525E+018,positive
1.37339106702702E+018,positive
1.3730874256821E+018,negative
1.37468457643037E+018,positive
1.37324051504341E+018,positive
1.37323117266327E+018,neutral
1.37328081756954E+018,positive
1.37320359671255E+018,positive
1.37330723303189E+018,positive
1.37403883818467E+018,positive
1.37307723213085E+018,neutral
1.37312231831937E+018,neutral
1.3732843139413E+018,positive
1.37335788158888E+018,positive
1.37337855005361E+018,negative
1.37320163092196E+018,negative
1.3732485171799E+018,positive
1.45779089873811E+018,positive
1.37323158182186E+018,negative
1.373307681101E+018,positive
1.37321131326299E+018,positive
1.37314651298588E+018,negative
1.41275992643123E+018,positive
1.37315829833421E+018,neutral
1.37315756695238E+018,positive
1.37322322829082E+018,positive
1.37318233719061E+018,positive
1.37319521228207E+018,positive
1.49169392910382E+018,positive
1.37318449308385E+018,positive
1.419160498441E+018,positive
1.49875599099234E+018,negative
1.37329258409801E+018,positive
1.49459365507571E+018,positive
1.46424660395126E+018,positive
1.37324333276005E+018,positive
1.37306219960277E+018,neutral
1.37325211267571E+018,positive
1.37331550426644E+018,negative
1.37335384218474E+018,positive
1.37692759657166E+018,negative
1.38115081476972E+018,positive
1.37323875718545E+018,positive
1.37316044572132E+018,positive
1.37316587065933E+018,positive
1.37445709581938E+018,positive
1.37319632827312E+018,negative
1.40019498934331E+018,positive
1.37319201544229E+018,positive
1.40686949359125E+018,positive
1.37319534347145E+018,negative
1.41064512719078E+018,positive
1.49429828777143E+018,positive
1.37319976795467E+018,positive
1.37324492497664E+018,neutral
1.49428261629983E+018,positive
1.37401402474932E+018,negative
1.3731548381173E+018,neutral
1.45879800029847E+018,positive
1.37319715724375E+018,positive
1.38056661931171E+018,positive
1.37321466545559E+018,positive
1.37323198777173E+018,positive
1.37316875069076E+018,negative
1.37321486520937E+018,positive
1.37438581015849E+018,positive
1.45872190079708E+018,positive
1.3733205607642E+018,negative
1.49819368494428E+018,neutral
1.37316785830646E+018,negative
1.37322235700802E+018,negative
1.37321308532705E+018,positive
1.37328197147705E+018,positive
1.3732360782206E+018,negative
1.3732731206148E+018,negative
1.4117033757507E+018,positive
1.47866255170572E+018,neutral
1.37319280732687E+018,positive
1.50358256501338E+018,neutral
1.37333348863247E+018,negative
1.3733211781489E+018,neutral
1.40655145649743E+018,negative
1.38135912764185E+018,positive
1.37331602572753E+018,positive
1.37321369365638E+018,positive
1.40055344713769E+018,negative
1.37332991578179E+018,positive
1.37313082789954E+018,negative
1.37321910654824E+018,positive
1.37447915615562E+018,negative
1.37321023282704E+018,neutral
1.37318017043833E+018,negative
1.3970775152111E+018,positive
1.38162860942992E+018,negative
1.37326436744214E+018,negative
1.37366863650687E+018,positive
1.40991437591014E+018,positive
1.37461117322887E+018,positive
1.3733443773561E+018,positive
1.37318290370273E+018,negative
1.37318173502282E+018,positive
1.37317760667844E+018,neutral
1.37326044905203E+018,negative
1.37319027819512E+018,positive
1.37321649540112E+018,negative
1.408411568078E+018,positive
1.37324755327012E+018,positive
1.3732322594452E+018,neutral
1.37373942832215E+018,neutral
1.37333777357126E+018,positive
1.37319757779398E+018,positive
1.37680787984864E+018,neutral
1.37867735680669E+018,neutral
1.37325963908995E+018,neutral
1.37320227529289E+018,positive
1.37319284312107E+018,positive
1.37320925692995E+018,neutral
1.38316496094403E+018,neutral
1.37308661900001E+018,positive
1.37377909153563E+018,positive
1.3732121305315E+018,positive
1.37407989497666E+018,neutral
1.37472966347032E+018,neutral
1.37325173015937E+018,neutral
1.37595384770162E+018,neutral
1.37829057596794E+018,negative
1.37320854250161E+018,positive
1.37328412043293E+018,positive
1.37438930734812E+018,neutral
1.402540309419E+018,negative
1.37338548508362E+018,positive
1.44386135910042E+018,neutral
1.3733529645056E+018,positive
1.37329793044726E+018,positive
1.37316942355779E+018,negative
1.42100544803609E+018,positive
1.37329440805822E+018,negative
1.37339462141021E+018,positive
1.37332775980048E+018,positive
1.37309408047393E+018,positive
1.37307072467247E+018,positive
1.37323267435831E+018,neutral
1.37323821161556E+018,neutral
1.37436275484126E+018,neutral
1.37311205975211E+018,positive
1.37320471842882E+018,positive
1.3732293615964E+018,positive
1.37319708708977E+018,positive
1.37306811354626E+018,positive
1.37320288068193E+018,neutral
1.37387283795451E+018,negative
1.37340209525733E+018,positive
1.39211276481093E+018,neutral
1.37399907375429E+018,neutral
1.37319563323076E+018,neutral
1.37316596251453E+018,positive
1.37328441624038E+018,positive
1.45363113748248E+018,positive
1.3732559435558E+018,positive
1.37330408076073E+018,neutral
1.37309360275949E+018,positive
1.37356075666336E+018,positive
1.37330398932071E+018,neutral
1.3733233162541E+018,positive
1.37476780888256E+018,negative
1.37314512891167E+018,positive
1.37321296932099E+018,positive
1.37315900623201E+018,negative
1.40988265724115E+018,neutral
1.45875301154785E+018,neutral
1.37319471164561E+018,neutral
1.37318423391366E+018,positive
1.37327478605133E+018,positive
1.43526752130589E+018,negative
1.38678681403648E+018,negative
1.37316667376783E+018,neutral
1.42242771394877E+018,neutral
1.37330847665555E+018,positive
1.37308890154444E+018,neutral
1.37562056937119E+018,positive
1.46384376103382E+018,positive
1.37320391300916E+018,positive
1.38093354155553E+018,positive
1.37983953272879E+018,neutral
1.468242163591E+018,positive
1.37325520779943E+018,positive
1.37318677863983E+018,positive
1.41091079422576E+018,negative
1.37327914617295E+018,positive
1.40766424899873E+018,positive
1.37399398266192E+018,neutral
1.37320382639682E+018,negative
1.40514841078152E+018,positive
1.37317318272368E+018,neutral
1.37323221910861E+018,neutral
1.37317966503313E+018,negative
1.40957812098699E+018,positive
1.37321284618047E+018,neutral
1.40490684620965E+018,neutral
1.38140029296565E+018,negative
1.37354757251048E+018,positive
1.39209043462584E+018,positive
1.37319433342435E+018,negative
1.38779522211397E+018,positive
1.37316359305575E+018,negative
1.40542272070838E+018,positive
1.37319277636869E+018,positive
1.3766306744514E+018,positive
1.38529303498062E+018,positive
1.37355337289317E+018,positive
1.37376435737349E+018,positive
1.37315888436655E+018,positive
1.37345487904214E+018,neutral
1.37475226051375E+018,negative
1.38553393117753E+018,neutral
1.37335850825987E+018,neutral
1.41085992315246E+018,positive
1.3732633194323E+018,neutral
1.42920159780508E+018,neutral
1.37377054712596E+018,positive
1.37319689028885E+018,positive
1.38204477955973E+018,positive
1.37574985036558E+018,positive
1.37695421408204E+018,neutral
1.37331180918108E+018,positive
1.37688043200067E+018,neutral
1.37349605559417E+018,neutral
1.39749247116114E+018,positive
1.40962150162034E+018,neutral
1.37335034936971E+018,positive
1.37361635111013E+018,positive
1.37323042292723E+018,neutral
1.39062358455767E+018,negative
1.40842794381517E+018,negative
1.37334718688128E+018,positive
1.3731634077934E+018,negative
1.37318147524856E+018,positive
1.41034865105923E+018,positive
1.37330992059089E+018,positive
1.4397978543531E+018,negative
1.37323259238909E+018,neutral
1.37313198913873E+018,positive
1.3736603528907E+018,positive
1.49436046443591E+018,positive
1.37311631435356E+018,positive
1.37327844371505E+018,negative
1.4719234503108E+018,positive
1.38140944039878E+018,positive
1.42218958364369E+018,positive
1.37354414391028E+018,neutral
1.37319189822827E+018,negative
1.37318769825352E+018,neutral
1.37316290523607E+018,positive
1.37335092738669E+018,negative
1.37316719030057E+018,negative
1.3733406480871E+018,positive
1.37428220667646E+018,neutral
1.37328067029487E+018,neutral
1.40385696177134E+018,negative
1.3734082663368E+018,positive
1.373392981689E+018,negative
1.37323904052747E+018,positive
1.37322755224497E+018,positive
1.37328025276033E+018,positive
1.37319800053793E+018,positive
1.37320240745533E+018,positive
1.37317508947529E+018,positive
1.37315581653512E+018,positive
1.37324030424609E+018,neutral
1.37394522469578E+018,neutral
1.37325800287518E+018,positive
1.37357271264023E+018,positive
1.37320035682657E+018,positive
1.3732172409386E+018,positive
1.37321158593468E+018,positive
1.37321474913613E+018,neutral
1.37333707537901E+018,positive
1.37845549823676E+018,neutral
1.37337760321051E+018,positive
1.37330026094096E+018,positive
1.37320022029778E+018,positive
1.37313409028792E+018,neutral
1.37323530243375E+018,positive
1.37325755910944E+018,positive
1.37326003720908E+018,positive
1.37326454896319E+018,positive
1.37410552310524E+018,positive
1.37323220485218E+018,positive
1.37320317369603E+018,neutral
1.37399799120861E+018,neutral
1.3732225790587E+018,neutral
1.37312688512371E+018,neutral
1.37328827387603E+018,positive
1.37314414002065E+018,negative
1.37360511511921E+018,neutral
1.37328674987987E+018,positive
1.37311695646798E+018,neutral
1.37325300979538E+018,positive
1.3732740386934E+018,positive
1.3732431353971E+018,positive
1.37326242297957E+018,negative
1.37330590255671E+018,positive
1.3740441402757E+018,positive
1.37330921082238E+018,positive
1.37505925154727E+018,neutral
1.37319435581358E+018,neutral
1.37314868990517E+018,positive
1.37328102686111E+018,neutral
1.37321750700433E+018,positive
1.37329328082643E+018,positive
1.3731915865831E+018,positive
1.37695322396204E+018,positive
1.37321393236679E+018,positive
1.37324765563207E+018,neutral
1.3732036983699E+018,neutral
1.37327801246516E+018,positive
1.45224876460175E+018,neutral
1.3731243347856E+018,positive
1.42230685671068E+018,positive
1.3732723121543E+018,positive
1.37328282618392E+018,negative
1.45919451929193E+018,positive
1.37323495501955E+018,positive
1.37329111994197E+018,positive
1.37318112727233E+018,neutral
1.37322862277808E+018,positive
1.37324205002026E+018,negative
1.37316934158432E+018,positive
1.40261736334271E+018,positive
1.37321550124616E+018,positive
1.37321969572211E+018,neutral
1.49234584096227E+018,neutral
1.37323912577667E+018,positive
1.3924008186121E+018,positive
1.37340313151885E+018,positive
1.37324873408414E+018,positive
1.39204156661787E+018,positive
1.3743759530198E+018,positive
1.38164400246693E+018,positive
1.38026473712931E+018,negative
1.37321872307565E+018,positive
1.37357495861867E+018,neutral
1.37328031694995E+018,neutral
1.37322556395607E+018,positive
1.37321836489049E+018,positive
1.37313769014999E+018,negative
1.37308293285276E+018,positive
1.3733344048363E+018,positive
1.37368088623599E+018,positive
1.45339413054176E+018,positive
1.37331578793564E+018,positive
1.37318570851768E+018,positive
1.3731553010594E+018,positive
1.37342816801148E+018,positive
1.37323565657142E+018,positive
1.37312333942688E+018,positive
1.40978328756918E+018,positive
1.37409042608962E+018,positive
1.45672578187961E+018,neutral
1.3852834775375E+018,positive
1.37313731598446E+018,positive
1.39205079656552E+018,positive
1.42906939053691E+018,positive
1.37335898745904E+018,positive
1.37318452429789E+018,positive
1.37320187824748E+018,positive
1.37324662828768E+018,positive
1.37334960868919E+018,positive
1.37332981505132E+018,positive
1.41063428634092E+018,neutral
1.37322401874512E+018,neutral
1.37332976080218E+018,neutral
1.37318840485538E+018,neutral
1.37588716476924E+018,positive
1.37321772819927E+018,neutral
1.37320774341113E+018,negative
1.37318831319301E+018,positive
1.37362947990245E+018,neutral
1.3731473183426E+018,positive
1.37327224781788E+018,positive
1.37317102063961E+018,positive
1.50148424425374E+018,positive
1.37325179027215E+018,positive
1.37328703846895E+018,positive
1.37324020198895E+018,positive
1.3732485831563E+018,positive
1.37374215519013E+018,neutral
1.37320321458204E+018,positive
1.4106997862448E+018,positive
1.37318553712999E+018,positive
1.37314440885876E+018,neutral
1.37366673936026E+018,neutral
1.37307333837817E+018,positive
1.37317843519605E+018,positive
1.37336127467175E+018,positive
1.38370687573304E+018,negative
1.39760374401199E+018,neutral
1.41088356017371E+018,neutral
1.37371552363303E+018,negative
1.37330286713052E+018,neutral
1.37319041461905E+018,positive
1.45885728484349E+018,positive
1.37309211709925E+018,negative
1.37427293012998E+018,neutral
1.37557958272478E+018,positive
1.3731628908622E+018,positive
1.39227207776432E+018,positive
1.37323168450677E+018,neutral
1.39286576444153E+018,negative
1.37326892029203E+018,positive
1.37315060865239E+018,positive
1.3736004763909E+018,neutral
1.37409402635859E+018,neutral
1.44756101642704E+018,positive
1.49947361664738E+018,negative
1.37351980420059E+018,positive
1.45344021711389E+018,positive
1.44542963330705E+018,neutral
1.37317596337111E+018,negative
1.39646119801567E+018,positive
1.37329155258439E+018,positive
1.37314696952749E+018,negative
1.3732180155259E+018,positive
1.37318720773391E+018,positive
1.38702729496384E+018,positive
1.37329694398894E+018,positive
1.4799271530809E+018,negative
1.37441827009101E+018,positive
1.41058561608615E+018,neutral
1.37404687189582E+018,neutral
1.38276756347047E+018,positive
1.37319856874868E+018,positive
1.37321485964352E+018,neutral
1.40945739272363E+018,neutral
1.38009479269732E+018,positive
1.37322879374216E+018,positive
1.37320886842414E+018,positive
1.39874578758521E+018,positive
1.3732750157817E+018,positive
1.37333179880612E+018,positive
1.37320722688685E+018,positive
1.37321603806672E+018,positive
1.46267574333968E+018,positive
1.37566753840792E+018,positive
1.37324524907884E+018,negative
1.37401940151154E+018,neutral
1.38125375435639E+018,neutral
1.42213281331533E+018,positive
1.37315427991415E+018,positive
1.37321542838275E+018,positive
1.37306988634849E+018,positive
1.37324852367689E+018,negative
1.3740615627308E+018,positive
1.37324952331375E+018,neutral
1.37330198478318E+018,positive
1.3732612067111E+018,positive
1.37317955091027E+018,neutral
1.37365885748294E+018,negative
1.3731812974898E+018,neutral
1.3732007687114E+018,positive
1.38276623353632E+018,neutral
1.45364753566342E+018,negative
1.37325218501062E+018,positive
1.37319572824015E+018,neutral
1.37320117311364E+018,negative
1.37410150120387E+018,neutral
1.37317146530723E+018,positive
1.37331452569342E+018,neutral
1.37327618078739E+018,positive
1.42247413092707E+018,positive
1.37323099868348E+018,positive
1.37399214226846E+018,neutral
1.37317449172822E+018,positive
1.37766790488853E+018,neutral
1.37319142879332E+018,neutral
1.37320485273038E+018,positive
1.37321180892489E+018,positive
1.38666415038711E+018,positive
1.37330423367667E+018,positive
1.37307832678548E+018,negative
1.3732719997626E+018,positive
1.4097742370622E+018,positive
1.37323475650315E+018,positive
1.37378101974939E+018,negative
1.37306410690796E+018,negative
1.37357860255873E+018,positive
1.37317544312642E+018,positive
1.37363294208225E+018,negative
1.37361892415205E+018,positive
1.37366117438707E+018,neutral
1.38681279249011E+018,positive
1.42213064523344E+018,positive
1.3761297357434E+018,neutral
1.3732825748403E+018,negative
1.37331528021509E+018,neutral
1.40703097993654E+018,neutral
1.37323254196091E+018,positive
1.38823536631085E+018,positive
1.43986280345255E+018,negative
1.3742169852618E+018,neutral
1.4366557684393E+018,negative
1.37318909000333E+018,neutral
1.37319028835793E+018,positive
1.37315136194506E+018,positive
1.37410257354477E+018,positive
1.44167709027806E+018,positive
1.37317293638801E+018,positive
1.37321766801946E+018,neutral
1.3769343673192E+018,negative
1.37324148399898E+018,positive
1.38191723735595E+018,positive
1.39454318330087E+018,positive
1.41027464274971E+018,neutral
1.45541200210134E+018,positive
1.37402692975873E+018,neutral
1.37376117462657E+018,neutral
1.50109392857301E+018,positive
1.37485984547255E+018,neutral
1.39657317433097E+018,positive
1.37319720404376E+018,neutral
1.40547034649345E+018,positive
1.37322008728136E+018,positive
1.37400975465848E+018,positive
1.37321151516838E+018,neutral
1.37335431312117E+018,positive
1.37308892494447E+018,positive
1.37317675840558E+018,neutral
1.37317581836564E+018,positive
1.37319160112876E+018,positive
1.37580273092153E+018,positive
1.37321158868193E+018,negative
1.37335029167282E+018,positive
1.42536638274992E+018,positive
1.37321344934229E+018,neutral
1.37326920780737E+018,positive
1.37331580196553E+018,positive
1.42652241897843E+018,positive
1.37319792782543E+018,positive
1.37435907039266E+018,positive
1.37390390173332E+018,neutral
1.4054184447413E+018,neutral
1.37320733123694E+018,positive
1.37351221503108E+018,negative
1.37898951301236E+018,neutral
1.4137303405024E+018,negative
1.39228448691474E+018,neutral
1.37319778674162E+018,neutral
1.40981269048745E+018,positive
1.37324228261118E+018,negative
1.37319611641878E+018,positive
1.38328829496064E+018,positive
1.37325272131534E+018,positive
1.3731906421516E+018,positive
1.37569766977191E+018,positive
1.3733089722252E+018,positive
1.37321322963212E+018,neutral
1.37321944809882E+018,positive
1.37322699298905E+018,positive
1.39202930572363E+018,positive
1.37316966756557E+018,negative
1.37322642490827E+018,positive
1.37314851387017E+018,positive
1.3924255216325E+018,positive
1.41070303087448E+018,neutral
1.37321530561962E+018,neutral
1.3732691186868E+018,positive
1.37321104343081E+018,positive
1.37315681252294E+018,negative
1.37331344163775E+018,positive
1.37621991623636E+018,positive
1.3732126887305E+018,positive
1.46156590168633E+018,neutral
1.41118134694128E+018,neutral
1.40541955835416E+018,neutral
1.37320311285764E+018,positive
1.37306904069295E+018,negative
1.3732590333947E+018,positive
1.37315689226929E+018,positive
1.45869396629623E+018,negative
1.37320942645118E+018,positive
1.37595352769726E+018,positive
1.40990428127741E+018,positive
1.37325686092983E+018,positive
1.37318563864058E+018,positive
1.37375446561498E+018,positive
1.3732127010198E+018,neutral
1.37360604279433E+018,neutral
1.37332045195556E+018,positive
1.37328239490046E+018,negative
1.50300551715696E+018,neutral
1.41065302087508E+018,positive
1.37306714929673E+018,negative
1.37323471083969E+018,positive
1.37324570721852E+018,positive
1.39217541962189E+018,positive
1.37336418935651E+018,negative
1.37326745424429E+018,positive
1.37319524738839E+018,positive
1.37326304166036E+018,positive
1.37323536479467E+018,negative
1.37868951046943E+018,neutral
1.37323782431356E+018,positive
1.48097313070535E+018,negative
1.37654520102876E+018,neutral
1.37307804328411E+018,positive
1.4675417503613E+018,positive
1.3731748828974E+018,positive
1.37574313616147E+018,neutral
1.37332288785209E+018,positive
1.373158065609E+018,positive
1.37320653777949E+018,neutral
1.37328017615979E+018,neutral
1.46246542850517E+018,negative
1.3731525785199E+018,positive
1.37307817158792E+018,positive
1.37372470907072E+018,neutral
1.37324270592973E+018,positive
1.3730720958198E+018,positive
1.37319914655595E+018,positive
1.37439684799368E+018,negative
1.37313657835744E+018,positive
1.37320548134755E+018,negative
1.37317779108103E+018,positive
1.37321379339687E+018,neutral
1.41069379335197E+018,neutral
1.37359899212743E+018,positive
1.37315129723534E+018,negative
1.37591971434666E+018,neutral
1.37354200981486E+018,negative
1.37320227072527E+018,positive
1.37509353252921E+018,neutral
1.37326943651839E+018,positive
1.37318991431402E+018,positive
1.37315296070069E+018,neutral
1.37318803165873E+018,positive
1.37320266976716E+018,positive
1.37328245247983E+018,negative
1.37320318831731E+018,neutral
1.3732249771099E+018,neutral
1.37316272101386E+018,negative
1.37351102678896E+018,positive
1.37328309439712E+018,positive
1.3732226707084E+018,positive
1.37364691772971E+018,positive
1.37321154634465E+018,negative
1.37323446717167E+018,neutral
1.37328842466125E+018,positive
1.37312433811163E+018,positive
1.47940039319721E+018,positive
1.37334710456806E+018,positive
1.37470264126413E+018,neutral
1.41029859420951E+018,positive
1.37358354568854E+018,neutral
1.37359334688786E+018,positive
1.3731710070879E+018,negative
1.3733029536674E+018,positive
1.37323454617134E+018,positive
1.37322058691111E+018,positive
1.37320646783942E+018,positive
1.37318224020157E+018,neutral
1.37320479431636E+018,negative
1.37876406449145E+018,neutral
1.37340287521327E+018,positive
1.37375614521563E+018,positive
1.37443128575037E+018,positive
1.37319221294361E+018,positive
1.37319205680227E+018,neutral
1.37307224658825E+018,neutral
1.38555432165646E+018,positive
1.38705426862083E+018,positive
1.43007864874954E+018,positive
1.37743098286163E+018,positive
1.37324233665904E+018,positive
1.37323550407908E+018,positive
1.37315963606965E+018,positive
1.37320109084654E+018,neutral
1.40956667435386E+018,positive
1.37329590928764E+018,positive
1.37394645678523E+018,neutral
1.37321539322186E+018,positive
1.37319009010155E+018,neutral
1.37321517472384E+018,positive
1.37316727433767E+018,positive
1.37469463783165E+018,neutral
1.41174901331397E+018,positive
1.37319367546811E+018,positive
1.49145112761928E+018,neutral
1.43618146008873E+018,positive
1.4610505797661E+018,neutral
1.37317651180992E+018,positive
1.37319910071219E+018,neutral
1.37316130052049E+018,negative
1.49427236854141E+018,positive
1.40991355309248E+018,neutral
1.37861772659224E+018,negative
1.389272423154E+018,positive
1.37319664804266E+018,positive
1.37531367786435E+018,negative
1.37336146346581E+018,positive
1.37320616467091E+018,positive
1.40157469437826E+018,positive
1.37482438817706E+018,neutral
1.37485246017562E+018,positive
1.41056445725273E+018,neutral
1.37317883587797E+018,positive
1.37318020655135E+018,neutral
1.37360983369856E+018,positive
1.37482139375018E+018,positive
1.37323403465906E+018,positive
1.37320197857523E+018,positive
1.37319146310279E+018,neutral
1.37366584154008E+018,positive
1.39615443653644E+018,neutral
1.3732336029311E+018,neutral
1.37322409785389E+018,positive
1.37323458074503E+018,positive
1.3736481314816E+018,positive
1.37320737503807E+018,negative
1.41091655405795E+018,neutral
1.37519521194564E+018,negative
1.46382258230252E+018,positive
1.37363926692076E+018,neutral
1.3754281319773E+018,neutral
1.37333366658843E+018,positive
1.37336910293755E+018,negative
1.41273593410642E+018,neutral
1.37322092643163E+018,neutral
1.37470749475333E+018,negative
1.40994244056867E+018,positive
1.37864846590392E+018,positive
1.37315469145926E+018,negative
1.37374610043637E+018,negative
1.37322861605888E+018,positive
1.37324280059102E+018,positive
1.37331422628296E+018,positive
1.48133835316551E+018,negative
1.37334392517656E+018,positive
1.37319345679384E+018,positive
1.43511120640735E+018,negative
1.37319944320654E+018,neutral
1.37328835150836E+018,positive
1.37320276797679E+018,positive
1.37322463066896E+018,positive
1.37318424145916E+018,positive
1.37316591845343E+018,neutral
1.37329205280134E+018,negative
1.37321124754667E+018,neutral
1.50202727901847E+018,positive
1.50409165273404E+018,neutral
1.37325539140504E+018,negative
1.37312416745379E+018,negative
1.37315531837344E+018,positive
1.37322847973136E+018,positive
1.37322440290562E+018,positive
1.37317706898542E+018,neutral
1.37316791574325E+018,neutral
1.37312741306919E+018,neutral
1.37324231591823E+018,positive
1.38012223729507E+018,neutral
1.37459200689118E+018,negative
1.46375350276586E+018,positive
1.37322758329533E+018,positive
1.37324813286836E+018,positive
1.40851307430752E+018,negative
1.37311350600696E+018,negative
1.37323068846862E+018,positive
1.40919953785665E+018,neutral
1.37321385374031E+018,positive
1.37318248992619E+018,positive
1.43678231412677E+018,neutral
1.37334584014052E+018,positive
1.37318806851413E+018,negative
1.3733676485207E+018,negative
1.37318637720299E+018,positive
1.37327399177594E+018,neutral
1.37316310506945E+018,positive
1.37332378478303E+018,positive
1.3734824350449E+018,negative
1.37320120141259E+018,neutral
1.37323430738546E+018,positive
1.37320833080251E+018,neutral
1.37316266827883E+018,positive
1.4099600052316E+018,positive
1.37321438352704E+018,positive
1.37374670015477E+018,positive
1.40440388495784E+018,positive
1.37762948984963E+018,neutral
1.37334807371233E+018,negative
1.37323490931419E+018,neutral
1.37341231982964E+018,negative
1.37316747567688E+018,positive
1.37322306037182E+018,positive
1.3732359545893E+018,positive
1.40505652295524E+018,neutral
1.37311207895376E+018,negative
1.39245220213706E+018,positive
1.37327612189097E+018,positive
1.39359328882181E+018,positive
1.37762789879913E+018,neutral
1.37335027939614E+018,negative
1.37321541358102E+018,positive
1.37322195973612E+018,positive
1.3758380140569E+018,negative
1.37318205169697E+018,neutral
1.37323692603626E+018,neutral
1.3732251931083E+018,positive
1.37319592380795E+018,positive
1.4319658131296E+018,positive
1.37331570819351E+018,negative
1.37322054975372E+018,positive
1.37547867496796E+018,positive
1.37354244404275E+018,positive
1.37316866778196E+018,negative
1.37316508888295E+018,positive
1.37333526996183E+018,positive
1.37324392547399E+018,positive
1.39353666215262E+018,positive
1.373205384371E+018,neutral
1.37320677951393E+018,positive
1.41148915767176E+018,neutral
1.37365500834081E+018,negative
1.37315284287006E+018,positive
1.38147210705439E+018,positive
1.37392909493778E+018,neutral
1.41267158742639E+018,neutral
1.37322807332851E+018,positive
1.37323140778761E+018,negative
1.373090220867E+018,negative
1.3732214736834E+018,positive
1.37313007989575E+018,positive
1.37919941830234E+018,neutral
1.37319233139921E+018,positive
1.37317715132798E+018,negative
1.37332659789018E+018,neutral
1.37324155025217E+018,negative
1.37323097941911E+018,neutral
1.37335263542896E+018,negative
1.37326241606738E+018,neutral
1.37318842943399E+018,neutral
1.373590803206E+018,negative
1.37328932010322E+018,positive
1.37359614739097E+018,positive
1.37320848406232E+018,positive
1.37376959532093E+018,positive
1.37332526382883E+018,positive
1.4976621445229E+018,positive
1.37444229206956E+018,negative
1.37314425140454E+018,positive
1.38523519377943E+018,positive
1.41926110434211E+018,neutral
1.37322184590269E+018,neutral
1.37307635454407E+018,neutral
1.37833823495091E+018,neutral
1.37322025945336E+018,positive
1.37318177604732E+018,positive
1.37318590305791E+018,neutral
1.41040218551977E+018,neutral
1.45885929553E+018,positive
1.37333260073612E+018,positive
1.37323434294472E+018,positive
1.37316973269477E+018,positive
1.37327880128367E+018,positive
1.37326013554458E+018,positive
1.37310973237076E+018,negative
1.37790420578934E+018,negative
1.46423208205027E+018,negative
1.3730625003092E+018,positive
1.3732245969551E+018,positive
1.37324874941008E+018,neutral
1.3732806632485E+018,positive
1.37322138037691E+018,neutral
1.37316032555033E+018,positive
1.3731598441365E+018,positive
1.37324826571876E+018,neutral
1.3731532354192E+018,positive
1.44022870327174E+018,negative
1.39121122913015E+018,negative
1.37320171662831E+018,positive
1.37320735911649E+018,neutral
1.50364584473364E+018,neutral
1.37322195040385E+018,positive
1.37322678685994E+018,positive
1.37321565653606E+018,negative
1.3733157597751E+018,negative
1.3732024335649E+018,positive
1.37313046064203E+018,positive
1.37322810615309E+018,positive
1.48173816313565E+018,positive
1.37319144944613E+018,positive
1.50058378168996E+018,negative
1.3731476280416E+018,neutral
1.37339574735012E+018,positive
1.37320891321517E+018,positive
1.37333275938148E+018,neutral
1.37337373035378E+018,positive
1.37310184961673E+018,neutral
1.50253827363742E+018,neutral
1.37321943345231E+018,neutral
1.37337552959275E+018,negative
1.37362850560338E+018,positive
1.37329708714887E+018,positive
1.37316273168416E+018,negative
1.37323941800648E+018,positive
1.37425362427308E+018,neutral
1.44729336510885E+018,neutral
1.37319027226853E+018,positive
1.40979568997921E+018,positive
1.37323020054109E+018,positive
1.37332768995686E+018,negative
1.38175237785066E+018,negative
1.37322591852156E+018,positive
1.37330225391484E+018,positive
1.37329452713445E+018,neutral
1.37335404029432E+018,neutral
1.41128106000928E+018,positive
1.37319376477738E+018,neutral
1.37323232211647E+018,positive
1.37503012102382E+018,negative
1.37366022127767E+018,positive
1.37334322567986E+018,positive
1.37337953122715E+018,negative
1.37320030756446E+018,negative
1.37391486641573E+018,negative
1.37352281256928E+018,neutral
1.37316240938546E+018,neutral
1.37319115809299E+018,positive
1.37321344882226E+018,positive
1.37404712728699E+018,positive
1.37513108239642E+018,positive
1.37317712667385E+018,neutral
1.3735693326855E+018,neutral
1.37322680620825E+018,neutral
1.37353437270442E+018,negative
1.37315559224056E+018,positive
1.41491775827864E+018,negative
1.37321456842454E+018,positive
1.37317495901567E+018,positive
1.38138368306467E+018,positive
1.3732061598936E+018,negative
1.39167346549367E+018,positive
1.37326963330272E+018,negative
1.37322355874327E+018,positive
1.37323088708988E+018,positive
1.3731802110434E+018,positive
1.37325632129901E+018,neutral
1.3731643505513E+018,positive
1.38375427496269E+018,positive
1.37508294486014E+018,positive
1.37444434362535E+018,positive
1.37314781123202E+018,positive
1.37319985920182E+018,positive
1.37326042615109E+018,positive
1.37355343493113E+018,neutral
1.37365751411864E+018,negative
1.37578715936236E+018,positive
1.37327225884052E+018,positive
1.37314501527537E+018,positive
1.3733550410552E+018,neutral
1.39455339636806E+018,positive
1.37318642737106E+018,neutral
1.37320264619933E+018,positive
1.37315471777851E+018,positive
1.37308968581217E+018,positive
1.37322827355615E+018,positive
1.37327569766646E+018,positive
1.46398292739034E+018,positive
1.37333870528974E+018,negative
1.43245115919376E+018,positive
1.37328532652598E+018,neutral
1.3954049681994E+018,positive
1.37323496247279E+018,negative
1.37312486487851E+018,positive
1.37308030332615E+018,positive
1.37328206972866E+018,positive
1.37546696330936E+018,positive
1.37362055993066E+018,negative
1.44095571202537E+018,neutral
1.3731795493458E+018,positive
1.37579262689772E+018,positive
1.37326018623691E+018,negative
1.37329749611033E+018,neutral
1.3731963946605E+018,neutral
1.37317723498761E+018,positive
1.37393910522309E+018,positive
1.37323975594155E+018,negative
1.37323459266101E+018,neutral
1.37319969696193E+018,positive
1.37318975296341E+018,neutral
1.37324228340812E+018,negative
1.3731427839434E+018,positive
1.37915560426303E+018,neutral
1.38360391304403E+018,negative
1.37322965289914E+018,positive
1.37327839419296E+018,negative
1.37322376765311E+018,neutral
1.37322672821517E+018,neutral
1.40769138651059E+018,negative
1.37320536305974E+018,neutral
1.41058445470427E+018,positive
1.37321138937287E+018,positive
1.37336590744414E+018,positive
1.4986293600725E+018,positive
1.3732219192905E+018,neutral
1.37317116411846E+018,positive
1.37329916673932E+018,positive
1.37328369187147E+018,neutral
1.3732282867808E+018,neutral
1.37328027842111E+018,negative
1.37334570584316E+018,neutral
1.37307154527121E+018,positive
1.37326995761465E+018,neutral
1.37336196678224E+018,negative
1.37331248377616E+018,neutral
1.40958624975353E+018,positive
1.37434408284003E+018,positive
1.37327295064487E+018,positive
1.4886409467073E+018,positive
1.37319172532223E+018,positive
1.37318781686429E+018,positive
1.4097517149457E+018,negative
1.37337976027815E+018,positive
1.37324124592191E+018,negative
1.3732126537877E+018,neutral
1.37339387218592E+018,positive
1.37323859190894E+018,positive
1.3744265409943E+018,neutral
1.44893266183003E+018,neutral
1.37373261772456E+018,positive
1.37324463126206E+018,negative
1.37308942980863E+018,positive
1.48078482420185E+018,positive
1.37326295165483E+018,negative
1.37570300494343E+018,positive
1.39760942044883E+018,neutral
1.37323199756128E+018,neutral
1.3732732678517E+018,positive
1.37333730221112E+018,positive
1.37325105753136E+018,neutral
1.46128738870203E+018,neutral
1.37330841965083E+018,positive
1.37315459623178E+018,positive
1.37328729792434E+018,positive
1.37319926551061E+018,positive
1.40918867856867E+018,neutral
1.37320339989898E+018,positive
1.37320320002362E+018,positive
1.37325986320001E+018,neutral
1.3731867087333E+018,positive
1.37312316020009E+018,negative
1.46423971600661E+018,positive
1.37314957909341E+018,negative
1.37317217742452E+018,positive
1.37315883818727E+018,positive
1.37317857482867E+018,positive
1.45800771657677E+018,negative
1.37319490093466E+018,neutral
1.37319834900064E+018,positive
1.37321681895812E+018,neutral
1.37334465368519E+018,positive
1.37313297704829E+018,neutral
1.3733178052994E+018,negative
1.3735710795124E+018,neutral
1.38570585670101E+018,positive
1.37324468989009E+018,neutral
1.46361581874336E+018,positive
1.37329428995496E+018,positive
1.37535566278447E+018,neutral
1.49975221970025E+018,neutral
1.41051284760449E+018,neutral
1.3732080163723E+018,neutral
1.37862926464441E+018,neutral
1.3731832869195E+018,positive
1.37336442315966E+018,negative
1.49460776430751E+018,neutral
1.37321265987787E+018,neutral
1.37321763173874E+018,negative
1.37656260426564E+018,positive
1.37314530705637E+018,positive
1.37335122584496E+018,positive
1.37340385777937E+018,negative
1.37321023465993E+018,neutral
1.37314517598013E+018,neutral
1.3732489367948E+018,positive
1.37316376058049E+018,neutral
1.37306797265526E+018,positive
1.37333188877387E+018,positive
1.41383490986988E+018,negative
1.3733502970206E+018,positive
1.37321485449292E+018,negative
1.37325030760661E+018,positive
1.37342476522299E+018,neutral
1.38855777073202E+018,negative
1.40948923050245E+018,positive
1.37319688755001E+018,positive
1.49401676756338E+018,positive
1.37333905032158E+018,negative
1.37308031046065E+018,negative
1.39424991288438E+018,neutral
1.37320681245182E+018,positive
1.3739322281332E+018,negative
1.37325340408514E+018,positive
1.37444304143238E+018,negative
1.37567406967739E+018,negative
1.37312109977759E+018,negative
1.37327927025303E+018,neutral
1.37323937597111E+018,neutral
1.37334447967609E+018,neutral
1.37321792433332E+018,positive
1.49679200143757E+018,neutral
1.37320855671605E+018,positive
1.37332794825055E+018,positive
1.37333039036303E+018,negative
1.3733005577719E+018,neutral
1.37325226367484E+018,positive
1.37317132788502E+018,positive
1.37328056197279E+018,positive
1.3916215737617E+018,positive
1.3732395693453E+018,negative
1.37329100560525E+018,positive
1.37970142326968E+018,positive
1.37316993115662E+018,positive
1.37317240855582E+018,positive
1.37318579206819E+018,neutral
1.37320344726949E+018,neutral
1.37327773204658E+018,positive
1.3731543092952E+018,neutral
1.37333417003911E+018,negative
1.37424946949619E+018,negative
1.37323096799386E+018,positive
1.37317311537155E+018,positive
1.37319924789878E+018,positive
1.37315626689017E+018,positive
1.37322723896391E+018,neutral
1.37315908203153E+018,neutral
1.37320130627858E+018,neutral
1.37620017716651E+018,neutral
1.37319724807137E+018,positive
1.37329464482249E+018,positive
1.37321813168713E+018,neutral
1.39429222234288E+018,positive
1.3733315524453E+018,positive
1.37367127918263E+018,positive
1.37308500619369E+018,negative
1.37509753945263E+018,neutral
1.42268448015903E+018,positive
1.41065745100801E+018,positive
1.37318201193913E+018,positive
1.3733307653296E+018,negative
1.37359571224037E+018,neutral
1.37325021952626E+018,positive
1.40724083491178E+018,neutral
1.37330721466497E+018,positive
1.39431715899854E+018,positive
1.37608039794831E+018,positive
1.37317891630369E+018,negative
1.37315230086116E+018,positive
1.37318321969732E+018,negative
1.37309698257997E+018,negative
1.37322775648239E+018,positive
1.37375318229217E+018,positive
1.37324128504218E+018,positive
1.37337293079356E+018,neutral
1.37327479660415E+018,positive
1.39930093033247E+018,negative
1.37531502213038E+018,positive
1.37320965215081E+018,positive
1.37327769733445E+018,positive
1.37320209307973E+018,neutral
1.37316818391866E+018,neutral
1.40037256596998E+018,positive
1.37327225967097E+018,positive
1.373225872141E+018,neutral
1.37366334516174E+018,positive
1.44615633310391E+018,negative
1.37306898142325E+018,negative
1.37341580231411E+018,negative
1.37651761323751E+018,negative
1.37355952654531E+018,positive
1.37338074968923E+018,positive
1.37554154024485E+018,neutral
1.37317775787887E+018,neutral
1.42937020025683E+018,neutral
1.41343205527959E+018,positive
1.37310629204743E+018,positive
1.37329628482464E+018,neutral
1.37322527084972E+018,positive
1.37320331794648E+018,neutral
1.37314371874895E+018,positive
1.37340139241775E+018,negative
1.37327648048724E+018,positive
1.38057606115977E+018,neutral
1.37315428771136E+018,neutral
1.37329211926845E+018,positive
1.46829560419974E+018,negative
1.37338945928314E+018,neutral
1.37611724173804E+018,positive
1.37367207459048E+018,neutral
1.37403631318853E+018,positive
1.49388985013054E+018,neutral
1.37321190411882E+018,positive
1.37332118164277E+018,neutral
1.37319775117811E+018,positive
1.37608302276897E+018,neutral
1.37394309429974E+018,positive
1.37319468032264E+018,positive
1.37359093664778E+018,positive
1.3732115677146E+018,positive
1.37329743972631E+018,positive
1.37321102629289E+018,positive
1.3731905045239E+018,positive
1.37650614732738E+018,negative
1.37332121688749E+018,positive
1.37331958055111E+018,positive
1.37325521784894E+018,positive
1.37337371889493E+018,positive
1.37375529495475E+018,positive
1.37318669551712E+018,positive
1.45346662044216E+018,positive
1.37319336261918E+018,positive
1.44972663746194E+018,neutral
1.37317035787251E+018,positive
1.37314499376699E+018,positive
1.38793238888657E+018,neutral
1.37581200468701E+018,positive
1.37316312781516E+018,positive
1.37317181191612E+018,positive
1.37316697325798E+018,positive
1.37364104343914E+018,neutral
1.37317287790688E+018,negative
1.37320516180026E+018,positive
1.40945774443283E+018,positive
1.37330535971306E+018,positive
1.37324358787023E+018,positive
1.37322977965108E+018,positive
1.37403720673044E+018,positive
1.3731377520579E+018,neutral
1.49440666983669E+018,neutral
1.37322093637633E+018,positive
1.37358555617364E+018,neutral
1.37325376625485E+018,positive
1.44815051283511E+018,positive
1.3732419862165E+018,positive
1.37317192287637E+018,positive
1.45904932561554E+018,positive
1.37320645228698E+018,positive
1.37467458556043E+018,neutral
1.37321961133273E+018,negative
1.37307183693478E+018,positive
1.3795229001941E+018,neutral
1.37320718918001E+018,neutral
1.37319428462785E+018,positive
1.37315689234894E+018,positive
1.37324510967701E+018,positive
1.37318035724425E+018,positive
1.37322671433628E+018,positive
1.37347369006367E+018,neutral
1.37325730568538E+018,neutral
1.37322278403847E+018,negative
1.40979632988737E+018,positive
1.37318905371414E+018,positive
1.4813690802591E+018,positive
1.37321479911128E+018,negative
1.37321197665092E+018,neutral
1.37389939015542E+018,neutral
1.44608817635591E+018,neutral
1.38048068376477E+018,positive
1.37322256543561E+018,positive
1.37362944461996E+018,positive
1.49394619113396E+018,neutral
1.45984202891799E+018,positive
1.37319644156961E+018,positive
1.37407339663243E+018,positive
1.37339657732327E+018,positive
1.3731538629458E+018,negative
1.37315523278033E+018,positive
1.37323606588092E+018,neutral
1.37328914571659E+018,positive
1.37338755558502E+018,positive
1.37320924074416E+018,positive
1.3731995119428E+018,positive
1.37361733736302E+018,positive
1.46392346441543E+018,positive
1.41017034614216E+018,neutral
1.37317892922219E+018,positive
1.37444707356361E+018,positive
1.43298582612483E+018,positive
1.37330990246725E+018,positive
1.3888477499453E+018,neutral
1.38155323662522E+018,positive
1.37320262140678E+018,positive
1.38051582811485E+018,negative
1.37333796352704E+018,positive
1.4369774724369E+018,positive
1.37319043086774E+018,positive
1.40872819389749E+018,neutral
1.37328332481956E+018,neutral
1.41067454980552E+018,positive
1.37334713846642E+018,positive
1.3733184235146E+018,positive
1.37313034504281E+018,neutral
1.37316918637406E+018,neutral
1.37339265453746E+018,neutral
1.37555543281992E+018,negative
1.37323197963903E+018,neutral
1.37321842332546E+018,neutral
1.50435517710042E+018,negative
1.3731983329575E+018,positive
1.45345424936759E+018,positive
1.37310126948162E+018,positive
1.45343854696302E+018,negative
1.3736069144211E+018,neutral
1.37470952790021E+018,positive
1.37317614633499E+018,positive
1.37442199998906E+018,positive
1.37317366352519E+018,positive
1.37324868152528E+018,neutral
1.37315450740901E+018,positive
1.37317114104139E+018,positive
1.37321980826788E+018,positive
1.37314409725132E+018,negative
1.3732660432385E+018,positive
1.37312653222335E+018,neutral
1.37315285033173E+018,positive
1.40920287522664E+018,neutral
1.37319904913487E+018,positive
1.48095798851707E+018,positive
1.37317546620342E+018,positive
1.3742991704844E+018,negative
1.37333779752487E+018,positive
1.37319671096142E+018,neutral
1.37320752318081E+018,positive
1.37316891867259E+018,positive
1.37316596162961E+018,positive
1.38154360113877E+018,negative
1.37323545548805E+018,neutral
1.37359511432135E+018,negative
1.37646850875472E+018,neutral
1.37318986182651E+018,positive
1.37320138841562E+018,neutral
1.4500926854533E+018,negative
